loan_id,origination_date,principal_amount,interest_rate,term_months,risk_grade,purpose,state,monthly_income
L00001,2024-04-08,50000,17.48,24,C,personal,Rajasthan,25000
L00002,2024-04-08,50000,16.06,12,C,education,Telangana,150000
L00003,2024-10-09,750000,16.44,12,C,vehicle,West Bengal,50000
L00004,2024-06-04,200000,11.91,12,A,consumer_durable,Karnataka,50000
L00005,2024-12-15,300000,21.61,12,D,consumer_durable,Karnataka,100000
L00006,2024-12-03,500000,11.15,12,A,vehicle,Delhi,25000
L00007,2024-08-21,100000,20.76,36,D,vehicle,Gujarat,50000
L00008,2024-11-21,300000,11.4,12,A,education,Tamil Nadu,100000
L00009,2024-05-21,150000,16.92,24,C,business,Maharashtra,35000
L00010,2024-02-07,500000,20.8,36,D,vehicle,Andhra Pradesh,75000
L00011,2024-03-08,1000000,20.29,36,D,education,West Bengal,100000
L00012,2024-03-17,200000,14.99,48,B,personal,Maharashtra,25000
L00013,2024-07-20,150000,11.58,12,A,consumer_durable,West Bengal,100000
L00014,2024-01-22,300000,26.94,12,E,education,Delhi,150000
L00015,2024-08-01,300000,13.87,36,B,education,Tamil Nadu,100000
L00016,2024-09-20,300000,21.68,24,D,vehicle,Gujarat,35000
L00017,2024-08-01,50000,14.2,12,B,business,Delhi,35000
L00018,2024-08-27,100000,10.17,12,A,education,Tamil Nadu,35000
L00019,2024-10-14,150000,16.53,24,C,education,Telangana,150000
L00020,2024-09-15,500000,13.88,12,B,vehicle,Telangana,25000
L00021,2024-01-03,200000,14.18,12,B,vehicle,Karnataka,25000
L00022,2024-05-22,100000,21.03,48,D,vehicle,Rajasthan,35000
L00023,2024-08-26,1000000,16.49,48,C,vehicle,Karnataka,25000
L00024,2024-08-28,500000,16.85,12,C,personal,Maharashtra,75000
L00025,2024-04-18,100000,16.5,48,C,vehicle,West Bengal,35000
L00026,2024-02-15,200000,11.75,12,A,personal,Rajasthan,25000
L00027,2024-08-16,200000,25.33,24,E,consumer_durable,Maharashtra,35000
L00028,2024-08-10,750000,13.53,48,B,education,Andhra Pradesh,35000
L00029,2024-10-24,200000,11.94,12,A,business,Maharashtra,25000
L00030,2024-09-03,150000,16.11,24,C,personal,Kerala,25000
L00031,2024-10-08,200000,16.81,12,C,education,Karnataka,75000
L00032,2024-04-22,500000,17.87,36,C,vehicle,Delhi,75000
L00033,2024-02-01,300000,10.91,48,A,education,Kerala,25000
L00034,2024-03-12,200000,11.01,12,A,vehicle,Gujarat,50000
L00035,2024-11-17,300000,11.22,12,A,education,Delhi,150000
L00036,2024-02-24,150000,10.53,24,A,business,Delhi,100000
L00037,2024-11-28,500000,10.41,36,A,education,Andhra Pradesh,50000
L00038,2024-07-27,50000,20.18,36,D,personal,Maharashtra,50000
L00039,2024-08-18,300000,16.32,48,C,education,Maharashtra,25000
L00040,2024-06-19,150000,11.09,24,A,consumer_durable,Tamil Nadu,25000
L00041,2024-04-22,50000,14.8,24,B,personal,Gujarat,100000
L00042,2024-12-05,750000,21.95,24,D,vehicle,Tamil Nadu,75000
L00043,2024-07-26,500000,11.56,24,A,business,Tamil Nadu,150000
L00044,2024-04-07,50000,11.72,48,A,business,Delhi,35000
L00045,2024-05-28,200000,10.8,12,A,business,Gujarat,150000
L00046,2024-02-09,500000,14.88,24,B,education,Delhi,25000
L00047,2024-06-14,750000,10.69,12,A,consumer_durable,Kerala,35000
L00048,2024-09-22,750000,10.0,24,A,business,West Bengal,25000
L00049,2024-11-28,500000,26.25,12,E,business,Rajasthan,50000
L00050,2024-05-18,500000,16.8,24,C,vehicle,West Bengal,150000
L00051,2024-05-13,150000,26.23,12,E,business,Delhi,35000
L00052,2024-08-22,500000,13.93,24,B,education,Andhra Pradesh,150000
L00053,2024-11-21,100000,10.57,36,A,personal,Telangana,150000
L00054,2024-01-08,200000,13.29,48,B,education,Karnataka,75000
L00055,2024-07-16,200000,14.44,48,B,vehicle,Tamil Nadu,150000
L00056,2024-04-06,100000,17.56,48,C,personal,Rajasthan,35000
L00057,2024-08-22,100000,20.91,36,D,consumer_durable,Kerala,150000
L00058,2024-09-15,750000,21.66,24,D,consumer_durable,Andhra Pradesh,50000
L00059,2024-09-16,300000,17.53,24,C,business,Andhra Pradesh,25000
L00060,2024-06-18,200000,16.54,12,C,vehicle,Tamil Nadu,35000
L00061,2024-02-14,150000,14.41,48,B,business,Rajasthan,75000
L00062,2024-07-25,200000,14.67,12,B,education,West Bengal,75000
L00063,2024-07-28,500000,10.6,48,A,education,Rajasthan,100000
L00064,2024-07-16,1000000,20.44,12,D,consumer_durable,Gujarat,150000
L00065,2024-08-05,750000,17.45,12,C,consumer_durable,Kerala,100000
L00066,2024-03-28,100000,17.29,48,C,vehicle,Maharashtra,50000
L00067,2024-06-25,200000,13.91,48,B,business,West Bengal,50000
L00068,2024-09-02,1000000,20.04,36,D,vehicle,Karnataka,150000
L00069,2024-04-27,50000,11.9,12,A,education,Tamil Nadu,35000
L00070,2024-04-15,100000,11.13,36,A,business,Tamil Nadu,100000
L00071,2024-03-10,100000,17.56,12,C,education,Maharashtra,50000
L00072,2024-12-07,750000,13.79,12,B,education,Telangana,25000
L00073,2024-10-26,300000,17.7,12,C,education,Maharashtra,50000
L00074,2024-11-11,500000,13.14,12,B,consumer_durable,Andhra Pradesh,25000
L00075,2024-08-23,500000,14.27,24,B,consumer_durable,Tamil Nadu,150000
L00076,2024-09-25,300000,14.23,48,B,consumer_durable,West Bengal,150000
L00077,2024-02-09,500000,17.7,48,C,vehicle,Andhra Pradesh,100000
L00078,2024-08-28,750000,16.67,36,C,vehicle,Andhra Pradesh,35000
L00079,2024-10-23,300000,13.68,36,B,education,Maharashtra,100000
L00080,2024-07-16,100000,25.48,24,E,consumer_durable,Andhra Pradesh,75000
L00081,2024-07-23,100000,16.59,24,C,business,Kerala,50000
L00082,2024-12-18,500000,13.85,36,B,business,Andhra Pradesh,50000
L00083,2024-04-11,200000,13.24,12,B,education,Tamil Nadu,35000
L00084,2024-10-25,1000000,10.55,36,A,personal,Telangana,50000
L00085,2024-12-18,150000,10.6,24,A,business,Maharashtra,25000
L00086,2024-08-04,150000,14.28,12,B,education,Delhi,75000
L00087,2024-01-09,500000,13.37,48,B,personal,Karnataka,75000
L00088,2024-10-10,50000,13.3,12,B,vehicle,Karnataka,100000
L00089,2024-07-15,200000,17.55,48,C,business,Kerala,75000
L00090,2024-12-04,50000,14.22,24,B,vehicle,Delhi,150000
L00091,2024-02-06,200000,10.35,12,A,consumer_durable,Andhra Pradesh,150000
L00092,2024-05-23,300000,16.07,36,C,consumer_durable,Karnataka,150000
L00093,2024-11-19,300000,11.58,24,A,consumer_durable,Karnataka,100000
L00094,2024-03-03,150000,11.82,12,A,vehicle,Delhi,100000
L00095,2024-08-23,300000,16.88,36,C,consumer_durable,Delhi,100000
L00096,2024-01-14,1000000,13.16,36,B,education,Delhi,25000
L00097,2024-11-27,50000,12.0,36,A,education,Maharashtra,35000
L00098,2024-03-19,1000000,14.83,48,B,consumer_durable,Karnataka,75000
L00099,2024-02-28,500000,13.64,24,B,business,West Bengal,150000
L00100,2024-09-02,750000,14.63,48,B,personal,Gujarat,50000
L00101,2024-01-22,750000,14.73,48,B,consumer_durable,Maharashtra,35000
L00102,2024-01-07,1000000,14.25,36,B,education,Tamil Nadu,50000
L00103,2024-11-20,1000000,13.24,24,B,vehicle,Delhi,100000
L00104,2024-02-15,750000,10.19,12,A,vehicle,Andhra Pradesh,150000
L00105,2024-08-16,300000,10.83,24,A,consumer_durable,Rajasthan,35000
L00106,2024-05-25,150000,14.73,48,B,business,Rajasthan,50000
L00107,2024-10-19,300000,21.45,48,D,vehicle,Andhra Pradesh,100000
L00108,2024-09-13,500000,14.1,48,B,business,Telangana,150000
L00109,2024-07-02,750000,10.47,36,A,consumer_durable,West Bengal,75000
L00110,2024-01-05,150000,25.99,36,E,personal,Andhra Pradesh,25000
L00111,2024-03-14,1000000,13.03,24,B,personal,Andhra Pradesh,50000
L00112,2024-06-28,750000,14.3,48,B,business,Andhra Pradesh,100000
L00113,2024-11-10,100000,10.47,24,A,personal,West Bengal,25000
L00114,2024-12-10,100000,16.89,12,C,personal,Gujarat,25000
L00115,2024-04-17,500000,10.86,48,A,education,Tamil Nadu,35000
L00116,2024-04-16,750000,11.24,24,A,vehicle,Andhra Pradesh,150000
L00117,2024-08-10,300000,11.33,24,A,personal,Andhra Pradesh,50000
L00118,2024-07-23,300000,26.28,36,E,consumer_durable,Delhi,35000
L00119,2024-07-19,1000000,25.21,36,E,education,Delhi,150000
L00120,2024-10-28,750000,10.55,12,A,education,Andhra Pradesh,50000
L00121,2024-06-08,200000,17.21,24,C,education,Delhi,150000
L00122,2024-11-21,150000,17.26,12,C,business,Andhra Pradesh,25000
L00123,2024-05-11,150000,13.18,48,B,vehicle,Telangana,35000
L00124,2024-05-27,500000,17.06,24,C,business,Andhra Pradesh,50000
L00125,2024-08-03,500000,17.61,24,C,vehicle,West Bengal,100000
L00126,2024-09-04,750000,13.03,48,B,business,Delhi,100000
L00127,2024-04-16,500000,13.22,12,B,education,Rajasthan,50000
L00128,2024-11-27,200000,21.3,48,D,business,West Bengal,25000
L00129,2024-08-04,50000,10.61,12,A,vehicle,Rajasthan,35000
L00130,2024-12-23,500000,14.34,48,B,education,Tamil Nadu,75000
L00131,2024-05-02,1000000,17.23,36,C,vehicle,Andhra Pradesh,75000
L00132,2024-11-12,500000,25.2,36,E,personal,West Bengal,50000
L00133,2024-08-03,100000,11.9,24,A,education,Maharashtra,25000
L00134,2024-10-07,200000,17.98,12,C,education,Telangana,100000
L00135,2024-03-26,200000,10.66,12,A,business,Tamil Nadu,35000
L00136,2024-01-05,150000,13.22,12,B,business,Telangana,100000
L00137,2024-03-24,150000,13.53,48,B,education,Karnataka,150000
L00138,2024-09-19,1000000,11.56,12,A,consumer_durable,Rajasthan,35000
L00139,2024-11-17,50000,26.45,36,E,consumer_durable,Maharashtra,25000
L00140,2024-02-16,750000,25.85,48,E,personal,Karnataka,50000
L00141,2024-10-21,100000,16.25,36,C,consumer_durable,Kerala,100000
L00142,2024-12-04,750000,10.2,24,A,consumer_durable,Andhra Pradesh,35000
L00143,2024-12-04,1000000,13.8,36,B,consumer_durable,Gujarat,150000
L00144,2024-08-03,150000,11.37,12,A,personal,Karnataka,75000
L00145,2024-09-02,500000,11.62,36,A,personal,West Bengal,50000
L00146,2024-12-02,750000,21.74,36,D,education,Delhi,50000
L00147,2024-08-08,200000,10.31,12,A,business,Rajasthan,50000
L00148,2024-07-28,300000,11.15,12,A,education,Delhi,25000
L00149,2024-06-01,300000,11.84,24,A,vehicle,Kerala,150000
L00150,2024-01-03,150000,14.48,24,B,consumer_durable,West Bengal,75000
L00151,2024-06-25,500000,13.62,12,B,personal,Tamil Nadu,35000
L00152,2024-05-15,50000,17.35,48,C,consumer_durable,Kerala,75000
L00153,2024-02-12,200000,14.51,48,B,personal,Delhi,150000
L00154,2024-05-02,1000000,17.05,24,C,consumer_durable,Kerala,25000
L00155,2024-03-25,300000,11.89,36,A,business,Gujarat,25000
L00156,2024-07-18,750000,10.35,24,A,education,Rajasthan,150000
L00157,2024-12-02,100000,20.79,48,D,personal,Andhra Pradesh,25000
L00158,2024-12-21,750000,21.15,48,D,business,Karnataka,75000
L00159,2024-10-15,500000,10.34,36,A,personal,West Bengal,25000
L00160,2024-07-28,750000,11.05,36,A,business,Telangana,50000
L00161,2024-02-17,100000,17.02,24,C,business,Gujarat,150000
L00162,2024-03-09,150000,25.47,24,E,vehicle,Kerala,35000
L00163,2024-11-16,100000,16.35,48,C,education,Kerala,75000
L00164,2024-11-11,500000,17.73,24,C,consumer_durable,Karnataka,75000
L00165,2024-10-02,300000,14.59,36,B,education,Karnataka,50000
L00166,2024-05-03,50000,13.11,12,B,education,Kerala,100000
L00167,2024-10-21,50000,13.9,24,B,business,Kerala,75000
L00168,2024-06-23,50000,13.9,12,B,education,Tamil Nadu,25000
L00169,2024-09-17,1000000,11.98,24,A,business,Gujarat,50000
L00170,2024-01-26,500000,14.36,36,B,personal,Gujarat,25000
L00171,2024-12-28,750000,13.57,24,B,business,Karnataka,100000
L00172,2024-11-23,500000,16.62,48,C,vehicle,Kerala,150000
L00173,2024-11-26,300000,26.12,36,E,vehicle,Rajasthan,25000
L00174,2024-01-12,750000,17.02,36,C,vehicle,Telangana,50000
L00175,2024-03-05,1000000,25.38,12,E,business,Karnataka,100000
L00176,2024-10-05,50000,17.32,48,C,vehicle,Tamil Nadu,35000
L00177,2024-01-14,150000,21.44,36,D,vehicle,Andhra Pradesh,100000
L00178,2024-04-10,1000000,10.47,48,A,vehicle,Gujarat,150000
L00179,2024-05-25,1000000,25.92,48,E,education,Rajasthan,75000
L00180,2024-03-28,200000,26.6,36,E,personal,Andhra Pradesh,50000
L00181,2024-09-28,100000,14.42,12,B,business,Karnataka,35000
L00182,2024-02-08,150000,11.66,48,A,business,Maharashtra,75000
L00183,2024-02-12,500000,10.47,24,A,personal,Gujarat,25000
L00184,2024-03-02,500000,21.58,36,D,consumer_durable,Tamil Nadu,150000
L00185,2024-01-09,50000,14.81,24,B,vehicle,Rajasthan,150000
L00186,2024-05-08,750000,16.22,36,C,personal,Maharashtra,35000
L00187,2024-08-20,1000000,13.13,12,B,education,Kerala,35000
L00188,2024-10-12,300000,16.86,24,C,education,West Bengal,35000
L00189,2024-06-03,100000,17.05,12,C,consumer_durable,Andhra Pradesh,25000
L00190,2024-01-12,500000,16.51,12,C,business,Telangana,150000
L00191,2024-12-25,100000,17.54,36,C,vehicle,Maharashtra,50000
L00192,2024-11-15,150000,14.66,48,B,vehicle,Tamil Nadu,25000
L00193,2024-04-02,1000000,16.07,24,C,personal,Gujarat,50000
L00194,2024-11-07,1000000,13.51,36,B,business,Maharashtra,150000
L00195,2024-07-13,100000,14.6,48,B,consumer_durable,Gujarat,35000
L00196,2024-09-09,1000000,13.73,12,B,consumer_durable,Karnataka,75000
L00197,2024-06-04,150000,17.09,12,C,business,Delhi,50000
L00198,2024-08-12,750000,13.33,48,B,personal,Gujarat,100000
L00199,2024-01-03,300000,26.28,48,E,business,Rajasthan,150000
L00200,2024-10-22,50000,16.29,48,C,personal,Tamil Nadu,25000
L00201,2024-10-02,500000,10.72,24,A,consumer_durable,Gujarat,50000
L00202,2024-09-12,100000,14.15,48,B,business,Delhi,35000
L00203,2024-08-17,50000,26.47,48,E,education,Karnataka,50000
L00204,2024-10-10,1000000,16.43,48,C,vehicle,Karnataka,35000
L00205,2024-12-15,1000000,20.35,12,D,business,Gujarat,150000
L00206,2024-03-23,300000,11.78,24,A,business,Rajasthan,35000
L00207,2024-04-26,200000,11.58,48,A,personal,Gujarat,100000
L00208,2024-09-05,1000000,14.61,12,B,personal,Delhi,75000
L00209,2024-07-27,1000000,26.05,12,E,vehicle,Gujarat,150000
L00210,2024-06-05,1000000,11.36,24,A,vehicle,West Bengal,100000
L00211,2024-09-05,50000,21.66,36,D,vehicle,Tamil Nadu,50000
L00212,2024-09-10,200000,25.69,12,E,business,Telangana,150000
L00213,2024-05-20,300000,25.25,12,E,education,Tamil Nadu,100000
L00214,2024-10-24,150000,25.34,36,E,education,Maharashtra,25000
L00215,2024-10-14,300000,11.3,12,A,consumer_durable,Rajasthan,50000
L00216,2024-11-13,300000,16.97,36,C,consumer_durable,Karnataka,150000
L00217,2024-08-07,1000000,10.83,36,A,education,Tamil Nadu,50000
L00218,2024-06-13,500000,21.47,24,D,business,Rajasthan,100000
L00219,2024-05-15,200000,10.93,24,A,vehicle,Karnataka,25000
L00220,2024-07-08,750000,11.73,24,A,business,Kerala,150000
L00221,2024-09-15,150000,14.0,48,B,business,Andhra Pradesh,25000
L00222,2024-04-07,750000,11.01,36,A,personal,Maharashtra,50000
L00223,2024-01-28,1000000,13.57,12,B,consumer_durable,Tamil Nadu,50000
L00224,2024-07-02,750000,16.73,24,C,business,Rajasthan,50000
L00225,2024-05-27,1000000,11.53,12,A,vehicle,Karnataka,75000
L00226,2024-06-25,500000,14.12,24,B,vehicle,Kerala,100000
L00227,2024-03-23,50000,13.09,36,B,consumer_durable,Rajasthan,75000
L00228,2024-10-11,150000,10.66,24,A,consumer_durable,Kerala,150000
L00229,2024-09-18,500000,21.01,48,D,education,Delhi,75000
L00230,2024-02-14,500000,20.66,36,D,personal,Kerala,75000
L00231,2024-10-16,200000,11.44,24,A,education,Kerala,75000
L00232,2024-12-04,200000,10.06,24,A,personal,Andhra Pradesh,50000
L00233,2024-07-17,750000,14.38,48,B,personal,Tamil Nadu,100000
L00234,2024-08-17,500000,12.0,48,A,business,Tamil Nadu,75000
L00235,2024-11-25,500000,21.09,36,D,education,Andhra Pradesh,35000
L00236,2024-04-10,300000,26.12,36,E,vehicle,Andhra Pradesh,50000
L00237,2024-10-22,300000,13.58,48,B,consumer_durable,Gujarat,35000
L00238,2024-02-12,300000,11.91,48,A,business,Andhra Pradesh,35000
L00239,2024-12-09,300000,11.87,24,A,personal,Kerala,150000
L00240,2024-09-08,200000,16.1,24,C,personal,Karnataka,75000
L00241,2024-03-01,1000000,13.2,24,B,consumer_durable,Andhra Pradesh,75000
L00242,2024-11-02,300000,16.64,12,C,education,Telangana,100000
L00243,2024-03-14,50000,17.83,24,C,personal,West Bengal,75000
L00244,2024-01-10,300000,11.75,12,A,business,Delhi,75000
L00245,2024-03-28,1000000,26.78,48,E,business,Telangana,25000
L00246,2024-12-06,1000000,14.3,12,B,business,Delhi,100000
L00247,2024-11-13,200000,16.35,48,C,education,Gujarat,25000
L00248,2024-03-16,100000,13.37,36,B,vehicle,Maharashtra,50000
L00249,2024-06-10,1000000,14.51,12,B,business,Gujarat,150000
L00250,2024-03-13,100000,10.93,36,A,personal,Delhi,50000
L00251,2024-08-05,200000,17.91,48,C,education,Gujarat,75000
L00252,2024-11-27,1000000,17.51,24,C,vehicle,Kerala,25000
L00253,2024-10-04,500000,13.16,12,B,education,Rajasthan,35000
L00254,2024-09-15,150000,13.33,12,B,vehicle,Kerala,75000
L00255,2024-08-05,1000000,11.62,48,A,consumer_durable,Kerala,25000
L00256,2024-07-09,300000,14.45,12,B,vehicle,Kerala,25000
L00257,2024-09-02,500000,11.4,12,A,consumer_durable,Maharashtra,50000
L00258,2024-12-21,150000,14.53,48,B,business,West Bengal,75000
L00259,2024-11-22,750000,20.75,24,D,business,Karnataka,35000
L00260,2024-12-08,750000,26.06,12,E,personal,Delhi,75000
L00261,2024-04-08,750000,17.06,48,C,business,Tamil Nadu,50000
L00262,2024-11-14,100000,10.06,12,A,vehicle,Telangana,25000
L00263,2024-11-23,50000,10.89,12,A,vehicle,Maharashtra,75000
L00264,2024-01-05,200000,14.51,36,B,vehicle,Kerala,50000
L00265,2024-03-22,500000,13.47,24,B,consumer_durable,Delhi,50000
L00266,2024-07-18,150000,11.25,48,A,personal,Gujarat,150000
L00267,2024-07-05,500000,17.39,36,C,consumer_durable,Tamil Nadu,100000
L00268,2024-12-05,200000,13.6,48,B,personal,Rajasthan,75000
L00269,2024-05-07,150000,25.78,36,E,personal,Andhra Pradesh,50000
L00270,2024-07-22,200000,10.1,12,A,personal,Telangana,100000
L00271,2024-06-10,200000,16.96,12,C,vehicle,Telangana,150000
L00272,2024-12-20,1000000,11.83,24,A,consumer_durable,Telangana,100000
L00273,2024-09-21,300000,13.76,36,B,business,Delhi,50000
L00274,2024-12-16,1000000,13.93,36,B,vehicle,Gujarat,50000
L00275,2024-01-09,200000,14.48,48,B,business,Tamil Nadu,35000
L00276,2024-04-16,750000,14.14,36,B,business,Andhra Pradesh,150000
L00277,2024-12-26,1000000,16.92,36,C,vehicle,Tamil Nadu,150000
L00278,2024-09-21,150000,14.83,12,B,education,Maharashtra,25000
L00279,2024-07-05,50000,26.53,24,E,personal,Tamil Nadu,25000
L00280,2024-10-21,1000000,10.75,48,A,consumer_durable,Maharashtra,25000
L00281,2024-09-24,750000,13.02,36,B,education,Delhi,25000
L00282,2024-03-04,750000,14.61,12,B,education,Tamil Nadu,35000
L00283,2024-05-26,300000,11.63,48,A,personal,Gujarat,75000
L00284,2024-04-10,200000,14.98,12,B,personal,Karnataka,75000
L00285,2024-01-23,1000000,13.11,24,B,personal,Andhra Pradesh,75000
L00286,2024-02-17,500000,17.13,12,C,vehicle,Telangana,150000
L00287,2024-02-22,1000000,20.54,36,D,education,Kerala,150000
L00288,2024-04-19,500000,10.03,24,A,consumer_durable,Karnataka,50000
L00289,2024-07-22,200000,11.13,36,A,consumer_durable,Tamil Nadu,150000
L00290,2024-07-08,500000,16.11,12,C,business,Kerala,100000
L00291,2024-06-01,750000,26.94,36,E,consumer_durable,Andhra Pradesh,35000
L00292,2024-11-19,750000,13.86,48,B,personal,Kerala,50000
L00293,2024-03-13,100000,16.16,24,C,consumer_durable,Gujarat,50000
L00294,2024-08-12,50000,11.89,36,A,personal,Tamil Nadu,25000
L00295,2024-09-14,1000000,11.11,12,A,personal,Karnataka,50000
L00296,2024-01-10,500000,14.73,48,B,consumer_durable,Karnataka,150000
L00297,2024-03-22,200000,21.14,48,D,vehicle,Tamil Nadu,50000
L00298,2024-03-14,1000000,13.29,36,B,consumer_durable,Delhi,75000
L00299,2024-04-24,500000,16.5,48,C,education,Kerala,35000
L00300,2024-07-11,150000,13.61,48,B,business,Andhra Pradesh,50000
L00301,2024-10-23,150000,13.6,24,B,consumer_durable,Gujarat,35000
L00302,2024-12-21,500000,25.58,48,E,education,Telangana,50000
L00303,2024-10-07,750000,13.73,24,B,education,Maharashtra,150000
L00304,2024-05-27,200000,13.88,12,B,consumer_durable,Andhra Pradesh,35000
L00305,2024-03-23,200000,16.51,48,C,consumer_durable,Karnataka,75000
L00306,2024-09-17,1000000,26.16,48,E,education,Maharashtra,50000
L00307,2024-04-22,100000,16.22,36,C,vehicle,Kerala,25000
L00308,2024-06-26,750000,14.93,48,B,personal,Maharashtra,25000
L00309,2024-07-15,200000,10.89,24,A,business,Maharashtra,75000
L00310,2024-02-04,750000,11.84,24,A,business,Delhi,50000
L00311,2024-06-16,200000,14.04,12,B,consumer_durable,Andhra Pradesh,50000
L00312,2024-02-01,50000,11.62,36,A,personal,Tamil Nadu,150000
L00313,2024-06-18,150000,11.1,48,A,consumer_durable,Telangana,75000
L00314,2024-07-13,150000,17.28,12,C,education,Telangana,75000
L00315,2024-04-07,750000,16.01,36,C,personal,Kerala,25000
L00316,2024-04-15,150000,16.73,12,C,business,Andhra Pradesh,100000
L00317,2024-10-13,500000,26.19,12,E,business,Gujarat,75000
L00318,2024-10-03,300000,17.84,24,C,business,Karnataka,35000
L00319,2024-03-17,150000,13.75,48,B,consumer_durable,Kerala,35000
L00320,2024-11-18,750000,13.37,24,B,education,Tamil Nadu,75000
L00321,2024-08-20,150000,10.63,12,A,business,Maharashtra,75000
L00322,2024-09-21,750000,11.93,48,A,consumer_durable,Andhra Pradesh,75000
L00323,2024-02-19,1000000,16.98,12,C,vehicle,Delhi,25000
L00324,2024-08-19,300000,10.34,48,A,education,Rajasthan,25000
L00325,2024-06-18,300000,14.55,12,B,consumer_durable,Rajasthan,35000
L00326,2024-11-25,100000,26.47,24,E,business,Maharashtra,75000
L00327,2024-02-25,100000,10.88,24,A,vehicle,Kerala,150000
L00328,2024-03-26,750000,13.33,24,B,vehicle,Maharashtra,100000
L00329,2024-03-11,300000,14.19,36,B,business,Kerala,50000
L00330,2024-07-02,100000,25.27,36,E,vehicle,Tamil Nadu,35000
L00331,2024-11-13,500000,11.66,48,A,vehicle,Kerala,150000
L00332,2024-02-21,750000,10.75,12,A,consumer_durable,Rajasthan,150000
L00333,2024-08-11,500000,10.91,12,A,personal,Andhra Pradesh,150000
L00334,2024-09-13,500000,17.7,24,C,consumer_durable,Telangana,75000
L00335,2024-10-05,300000,10.68,48,A,business,Maharashtra,25000
L00336,2024-03-15,1000000,10.03,48,A,personal,West Bengal,35000
L00337,2024-05-06,150000,26.76,36,E,personal,Gujarat,50000
L00338,2024-11-10,150000,10.1,24,A,consumer_durable,Karnataka,150000
L00339,2024-03-19,200000,10.95,24,A,education,Andhra Pradesh,25000
L00340,2024-07-23,500000,11.63,24,A,consumer_durable,Karnataka,35000
L00341,2024-06-10,100000,13.21,24,B,consumer_durable,Tamil Nadu,150000
L00342,2024-10-01,150000,25.14,24,E,consumer_durable,Gujarat,150000
L00343,2024-10-22,150000,11.84,48,A,vehicle,Karnataka,25000
L00344,2024-07-12,100000,11.18,48,A,business,Tamil Nadu,35000
L00345,2024-10-20,100000,10.5,36,A,personal,Delhi,35000
L00346,2024-05-21,200000,14.5,12,B,vehicle,Andhra Pradesh,75000
L00347,2024-02-17,1000000,11.28,12,A,business,Gujarat,35000
L00348,2024-11-06,750000,13.73,48,B,personal,Maharashtra,100000
L00349,2024-01-26,300000,10.43,48,A,education,Delhi,150000
L00350,2024-07-03,750000,16.85,24,C,business,Karnataka,50000
L00351,2024-03-18,200000,11.95,36,A,consumer_durable,Kerala,150000
L00352,2024-07-24,100000,16.62,24,C,personal,Telangana,25000
L00353,2024-10-02,100000,20.91,36,D,vehicle,Karnataka,25000
L00354,2024-06-17,50000,16.33,36,C,vehicle,Gujarat,35000
L00355,2024-02-25,300000,17.47,12,C,business,West Bengal,50000
L00356,2024-10-21,300000,14.42,12,B,consumer_durable,Andhra Pradesh,100000
L00357,2024-03-12,1000000,14.72,24,B,business,Karnataka,100000
L00358,2024-09-01,100000,16.46,12,C,personal,Telangana,25000
L00359,2024-03-28,750000,14.84,12,B,education,West Bengal,35000
L00360,2024-06-09,750000,14.83,12,B,education,Gujarat,25000
L00361,2024-09-02,50000,13.36,48,B,personal,Andhra Pradesh,50000
L00362,2024-09-15,300000,16.65,12,C,business,Telangana,50000
L00363,2024-04-15,300000,14.48,36,B,education,Andhra Pradesh,35000
L00364,2024-07-01,200000,16.3,24,C,education,Gujarat,150000
L00365,2024-01-25,50000,21.9,48,D,business,Karnataka,35000
L00366,2024-01-05,200000,13.84,36,B,personal,Maharashtra,35000
L00367,2024-06-15,750000,21.4,12,D,education,Karnataka,100000
L00368,2024-10-02,750000,10.15,48,A,vehicle,Telangana,50000
L00369,2024-07-23,500000,11.85,36,A,business,Andhra Pradesh,50000
L00370,2024-10-04,200000,10.27,24,A,personal,Tamil Nadu,75000
L00371,2024-06-25,750000,13.24,24,B,consumer_durable,Delhi,75000
L00372,2024-11-10,100000,10.18,12,A,vehicle,Gujarat,35000
L00373,2024-07-17,200000,11.94,12,A,business,Delhi,35000
L00374,2024-09-24,750000,11.71,24,A,personal,Andhra Pradesh,25000
L00375,2024-01-27,150000,20.24,24,D,vehicle,Telangana,75000
L00376,2024-05-27,100000,14.16,12,B,personal,Karnataka,35000
L00377,2024-02-28,1000000,21.62,36,D,personal,Maharashtra,75000
L00378,2024-07-16,750000,11.64,12,A,consumer_durable,West Bengal,35000
L00379,2024-08-05,150000,13.55,12,B,education,Kerala,100000
L00380,2024-09-16,300000,11.0,12,A,personal,Delhi,75000
L00381,2024-09-08,200000,11.29,12,A,consumer_durable,Gujarat,75000
L00382,2024-10-17,1000000,13.69,36,B,consumer_durable,Delhi,35000
L00383,2024-05-02,200000,10.06,48,A,education,Gujarat,100000
L00384,2024-11-08,150000,25.2,36,E,education,Maharashtra,35000
L00385,2024-03-06,750000,13.71,24,B,education,Gujarat,150000
L00386,2024-06-19,50000,17.41,24,C,education,Telangana,75000
L00387,2024-02-02,150000,13.98,24,B,education,Telangana,25000
L00388,2024-10-07,50000,13.66,24,B,business,Tamil Nadu,50000
L00389,2024-03-25,150000,11.17,12,A,education,Gujarat,25000
L00390,2024-06-10,750000,14.17,36,B,vehicle,Tamil Nadu,150000
L00391,2024-03-23,1000000,26.3,36,E,vehicle,Kerala,35000
L00392,2024-12-01,300000,13.25,48,B,education,Maharashtra,35000
L00393,2024-02-16,200000,17.28,24,C,business,Karnataka,35000
L00394,2024-02-27,500000,13.34,36,B,consumer_durable,Maharashtra,50000
L00395,2024-02-24,100000,10.7,12,A,personal,West Bengal,75000
L00396,2024-08-13,150000,17.77,36,C,education,West Bengal,25000
L00397,2024-02-26,200000,20.33,12,D,business,Maharashtra,50000
L00398,2024-03-13,100000,10.15,24,A,personal,Rajasthan,25000
L00399,2024-07-21,1000000,14.41,24,B,education,West Bengal,35000
L00400,2024-04-14,500000,10.41,36,A,business,Delhi,35000
L00401,2024-08-05,750000,11.14,12,A,business,Maharashtra,75000
L00402,2024-01-07,1000000,10.4,24,A,business,Karnataka,75000
L00403,2024-08-16,300000,21.57,36,D,personal,Rajasthan,75000
L00404,2024-08-02,750000,10.74,36,A,consumer_durable,Andhra Pradesh,50000
L00405,2024-03-25,300000,11.13,12,A,personal,Gujarat,100000
L00406,2024-07-27,200000,14.11,48,B,education,Andhra Pradesh,100000
L00407,2024-07-28,1000000,20.6,12,D,education,Kerala,100000
L00408,2024-08-06,150000,20.24,24,D,vehicle,Telangana,35000
L00409,2024-07-07,100000,11.98,24,A,education,Delhi,50000
L00410,2024-09-13,100000,20.17,36,D,business,Rajasthan,75000
L00411,2024-10-19,50000,21.57,48,D,personal,West Bengal,35000
L00412,2024-10-25,100000,11.85,12,A,business,Rajasthan,50000
L00413,2024-08-19,300000,20.77,48,D,personal,Tamil Nadu,50000
L00414,2024-06-23,750000,13.08,24,B,personal,Andhra Pradesh,50000
L00415,2024-05-10,50000,20.68,36,D,consumer_durable,Karnataka,35000
L00416,2024-06-09,1000000,11.55,48,A,education,Karnataka,35000
L00417,2024-09-28,750000,14.48,36,B,personal,Rajasthan,35000
L00418,2024-09-19,750000,10.27,12,A,vehicle,Telangana,35000
L00419,2024-01-12,200000,20.07,24,D,business,Gujarat,75000
L00420,2024-04-12,100000,14.36,48,B,education,Andhra Pradesh,35000
L00421,2024-06-12,1000000,26.17,24,E,business,Karnataka,50000
L00422,2024-10-25,50000,10.33,24,A,vehicle,Telangana,150000
L00423,2024-11-01,750000,11.03,48,A,vehicle,Tamil Nadu,100000
L00424,2024-05-23,200000,20.5,36,D,consumer_durable,West Bengal,50000
L00425,2024-11-17,200000,13.93,48,B,education,Karnataka,25000
L00426,2024-10-20,500000,14.12,36,B,business,Karnataka,75000
L00427,2024-05-09,300000,11.28,36,A,vehicle,Tamil Nadu,100000
L00428,2024-10-13,50000,17.61,36,C,vehicle,Maharashtra,150000
L00429,2024-07-13,300000,13.52,48,B,personal,Kerala,150000
L00430,2024-12-08,200000,25.69,48,E,business,Rajasthan,50000
L00431,2024-08-05,150000,20.59,36,D,education,Tamil Nadu,150000
L00432,2024-04-24,100000,20.44,36,D,consumer_durable,Gujarat,50000
L00433,2024-02-16,300000,10.93,12,A,education,Kerala,100000
L00434,2024-11-13,200000,11.0,36,A,consumer_durable,Maharashtra,35000
L00435,2024-10-15,200000,10.69,24,A,business,Tamil Nadu,25000
L00436,2024-01-01,150000,13.63,48,B,business,Telangana,35000
L00437,2024-02-05,150000,13.98,48,B,consumer_durable,West Bengal,75000
L00438,2024-09-07,750000,25.01,36,E,personal,Gujarat,100000
L00439,2024-04-08,50000,11.25,36,A,business,Tamil Nadu,25000
L00440,2024-01-10,300000,13.33,36,B,consumer_durable,Rajasthan,100000
L00441,2024-03-11,750000,14.78,48,B,business,Telangana,35000
L00442,2024-04-24,750000,25.04,24,E,vehicle,Maharashtra,100000
L00443,2024-11-26,100000,13.73,12,B,consumer_durable,Delhi,100000
L00444,2024-11-27,50000,17.32,12,C,personal,Karnataka,75000
L00445,2024-08-23,100000,14.09,24,B,vehicle,Maharashtra,50000
L00446,2024-05-20,100000,14.32,24,B,consumer_durable,Karnataka,100000
L00447,2024-02-16,100000,16.57,24,C,education,Telangana,50000
L00448,2024-07-10,200000,20.72,24,D,personal,Rajasthan,75000
L00449,2024-01-01,1000000,20.66,12,D,personal,Kerala,150000
L00450,2024-02-24,100000,14.56,12,B,business,Telangana,75000
L00451,2024-01-04,300000,25.53,24,E,personal,Delhi,50000
L00452,2024-02-04,500000,20.85,12,D,personal,Tamil Nadu,150000
L00453,2024-08-20,500000,16.72,36,C,personal,Gujarat,50000
L00454,2024-08-09,750000,10.8,48,A,consumer_durable,West Bengal,150000
L00455,2024-12-24,150000,20.23,12,D,vehicle,Karnataka,75000
L00456,2024-11-15,1000000,21.6,24,D,education,West Bengal,50000
L00457,2024-08-04,150000,16.97,48,C,consumer_durable,Maharashtra,25000
L00458,2024-11-17,500000,10.02,24,A,business,Rajasthan,100000
L00459,2024-12-08,100000,16.87,48,C,business,West Bengal,35000
L00460,2024-03-17,50000,20.02,48,D,consumer_durable,Tamil Nadu,25000
L00461,2024-05-02,500000,16.48,24,C,education,West Bengal,75000
L00462,2024-10-15,100000,20.92,12,D,consumer_durable,Andhra Pradesh,50000
L00463,2024-01-04,1000000,11.49,48,A,consumer_durable,Maharashtra,100000
L00464,2024-10-21,100000,14.58,36,B,education,Rajasthan,35000
L00465,2024-06-27,1000000,17.9,12,C,vehicle,Andhra Pradesh,50000
L00466,2024-06-23,1000000,14.43,48,B,personal,Karnataka,150000
L00467,2024-11-26,500000,10.71,36,A,education,Rajasthan,50000
L00468,2024-08-05,50000,17.79,48,C,personal,Delhi,100000
L00469,2024-07-07,100000,11.86,48,A,vehicle,Gujarat,25000
L00470,2024-11-19,50000,17.85,12,C,consumer_durable,Andhra Pradesh,150000
L00471,2024-01-17,150000,17.93,12,C,education,West Bengal,100000
L00472,2024-03-24,150000,14.38,24,B,personal,West Bengal,150000
L00473,2024-07-14,500000,17.01,24,C,business,West Bengal,50000
L00474,2024-03-14,1000000,26.61,36,E,education,Gujarat,150000
L00475,2024-10-23,200000,16.4,36,C,business,Tamil Nadu,150000
L00476,2024-12-21,150000,17.01,36,C,personal,Gujarat,100000
L00477,2024-09-10,750000,14.35,48,B,personal,Rajasthan,25000
L00478,2024-01-07,150000,10.11,36,A,vehicle,Delhi,150000
L00479,2024-05-07,50000,11.38,12,A,business,Andhra Pradesh,25000
L00480,2024-09-13,200000,17.48,24,C,education,Delhi,150000
L00481,2024-11-11,750000,16.78,12,C,personal,Delhi,35000
L00482,2024-11-23,1000000,17.66,36,C,education,Rajasthan,150000
L00483,2024-03-22,200000,16.59,12,C,vehicle,Tamil Nadu,150000
L00484,2024-05-18,750000,13.08,36,B,vehicle,Tamil Nadu,100000
L00485,2024-12-05,50000,20.66,12,D,vehicle,Gujarat,100000
L00486,2024-10-18,300000,10.98,36,A,personal,Gujarat,100000
L00487,2024-09-06,150000,11.04,48,A,education,Rajasthan,75000
L00488,2024-11-11,200000,11.77,36,A,business,Delhi,35000
L00489,2024-11-01,1000000,26.99,12,E,business,Andhra Pradesh,35000
L00490,2024-11-11,200000,21.92,48,D,personal,West Bengal,50000
L00491,2024-09-27,300000,13.05,36,B,education,Rajasthan,75000
L00492,2024-04-11,300000,14.8,12,B,personal,Tamil Nadu,100000
L00493,2024-11-25,100000,13.42,24,B,consumer_durable,Karnataka,35000
L00494,2024-02-24,750000,14.29,24,B,personal,Andhra Pradesh,150000
L00495,2024-03-26,100000,13.15,36,B,education,Karnataka,100000
L00496,2024-08-21,300000,20.82,48,D,consumer_durable,Gujarat,25000
L00497,2024-11-24,100000,14.07,12,B,education,Maharashtra,150000
L00498,2024-02-10,500000,21.86,36,D,education,Karnataka,50000
L00499,2024-11-01,1000000,16.76,48,C,vehicle,Rajasthan,35000
L00500,2024-09-10,750000,11.59,24,A,business,Gujarat,25000
L00501,2024-01-19,150000,13.25,48,B,education,Rajasthan,25000
L00502,2024-11-28,500000,13.42,24,B,vehicle,Tamil Nadu,35000
L00503,2024-03-22,300000,16.39,12,C,education,Andhra Pradesh,150000
L00504,2024-05-04,300000,14.34,24,B,education,Andhra Pradesh,50000
L00505,2024-10-03,200000,13.2,24,B,business,Andhra Pradesh,75000
L00506,2024-03-19,300000,14.39,36,B,business,West Bengal,35000
L00507,2024-12-24,200000,11.57,48,A,business,Gujarat,35000
L00508,2024-08-15,500000,17.76,36,C,business,Andhra Pradesh,100000
L00509,2024-03-18,100000,11.68,24,A,business,Karnataka,150000
L00510,2024-11-01,50000,11.7,48,A,education,Telangana,25000
L00511,2024-03-12,1000000,14.31,48,B,vehicle,Kerala,150000
L00512,2024-09-03,150000,20.93,48,D,business,Rajasthan,25000
L00513,2024-03-15,150000,17.51,24,C,vehicle,Kerala,100000
L00514,2024-08-12,150000,17.47,12,C,vehicle,Andhra Pradesh,35000
L00515,2024-11-07,500000,10.47,36,A,consumer_durable,Andhra Pradesh,75000
L00516,2024-06-04,50000,21.96,36,D,business,Kerala,100000
L00517,2024-06-19,750000,14.31,12,B,education,Delhi,75000
L00518,2024-06-27,200000,26.03,36,E,consumer_durable,Andhra Pradesh,100000
L00519,2024-04-03,150000,10.88,36,A,vehicle,Tamil Nadu,35000
L00520,2024-07-26,100000,11.32,36,A,personal,Andhra Pradesh,150000
L00521,2024-11-27,200000,14.18,48,B,personal,Telangana,25000
L00522,2024-09-02,150000,10.27,24,A,personal,Tamil Nadu,50000
L00523,2024-10-21,750000,21.2,12,D,business,Karnataka,35000
L00524,2024-03-08,1000000,14.73,48,B,education,Tamil Nadu,100000
L00525,2024-09-09,150000,21.25,24,D,business,Andhra Pradesh,100000
L00526,2024-03-04,200000,16.76,12,C,vehicle,Rajasthan,100000
L00527,2024-03-16,150000,17.21,12,C,education,Rajasthan,25000
L00528,2024-09-27,150000,11.8,12,A,consumer_durable,Rajasthan,75000
L00529,2024-07-08,50000,14.4,48,B,consumer_durable,Gujarat,100000
L00530,2024-05-16,100000,20.85,24,D,personal,Delhi,100000
L00531,2024-01-23,750000,20.52,12,D,education,Rajasthan,25000
L00532,2024-12-26,750000,14.31,36,B,consumer_durable,Gujarat,25000
L00533,2024-09-14,300000,10.52,36,A,education,Delhi,150000
L00534,2024-09-16,200000,13.83,24,B,business,Rajasthan,100000
L00535,2024-12-13,300000,14.16,24,B,personal,Telangana,75000
L00536,2024-09-13,150000,16.2,36,C,education,Kerala,150000
L00537,2024-11-01,50000,16.32,12,C,vehicle,Andhra Pradesh,100000
L00538,2024-06-03,100000,13.53,12,B,consumer_durable,West Bengal,100000
L00539,2024-10-02,300000,17.42,24,C,consumer_durable,Andhra Pradesh,25000
L00540,2024-10-17,300000,10.39,24,A,education,Tamil Nadu,150000
L00541,2024-03-03,200000,11.31,36,A,consumer_durable,Gujarat,150000
L00542,2024-12-23,200000,14.04,12,B,personal,Rajasthan,50000
L00543,2024-05-08,500000,16.69,24,C,consumer_durable,West Bengal,100000
L00544,2024-02-18,150000,10.81,12,A,education,Delhi,50000
L00545,2024-10-09,300000,26.75,48,E,consumer_durable,Kerala,75000
L00546,2024-08-22,500000,17.92,48,C,education,Maharashtra,75000
L00547,2024-04-22,100000,10.77,24,A,business,West Bengal,50000
L00548,2024-05-08,50000,14.4,36,B,personal,West Bengal,150000
L00549,2024-03-16,500000,16.15,36,C,business,Telangana,100000
L00550,2024-04-08,200000,11.0,24,A,business,Telangana,35000
L00551,2024-06-05,200000,11.67,12,A,personal,Karnataka,150000
L00552,2024-09-02,1000000,26.23,48,E,business,Kerala,50000
L00553,2024-09-09,300000,13.98,48,B,vehicle,Kerala,35000
L00554,2024-09-02,750000,10.96,36,A,consumer_durable,Tamil Nadu,75000
L00555,2024-01-01,1000000,25.63,24,E,consumer_durable,Kerala,25000
L00556,2024-05-08,300000,13.37,36,B,consumer_durable,Kerala,50000
L00557,2024-07-23,1000000,13.85,36,B,business,West Bengal,50000
L00558,2024-11-08,150000,14.96,12,B,business,Telangana,100000
L00559,2024-12-05,750000,13.39,48,B,personal,Tamil Nadu,75000
L00560,2024-05-09,500000,14.57,12,B,consumer_durable,Karnataka,150000
L00561,2024-08-27,200000,11.63,12,A,consumer_durable,Gujarat,50000
L00562,2024-07-04,300000,13.69,36,B,education,Telangana,100000
L00563,2024-05-12,150000,14.96,36,B,education,Andhra Pradesh,150000
L00564,2024-05-15,100000,13.76,24,B,vehicle,Gujarat,75000
L00565,2024-02-03,750000,17.7,24,C,business,Telangana,50000
L00566,2024-10-21,300000,14.42,48,B,business,Andhra Pradesh,50000
L00567,2024-03-28,1000000,16.83,12,C,vehicle,Telangana,150000
L00568,2024-07-04,100000,10.42,12,A,personal,Andhra Pradesh,100000
L00569,2024-02-04,750000,11.05,36,A,education,Tamil Nadu,25000
L00570,2024-04-24,750000,16.62,36,C,consumer_durable,Tamil Nadu,35000
L00571,2024-11-12,150000,13.06,36,B,consumer_durable,Andhra Pradesh,100000
L00572,2024-12-18,1000000,25.27,24,E,education,Kerala,75000
L00573,2024-11-18,750000,17.05,36,C,business,Andhra Pradesh,100000
L00574,2024-06-14,100000,10.88,36,A,vehicle,Delhi,25000
L00575,2024-08-18,150000,10.69,12,A,consumer_durable,Andhra Pradesh,50000
L00576,2024-10-08,750000,11.6,12,A,education,Gujarat,35000
L00577,2024-03-23,750000,13.79,48,B,consumer_durable,Telangana,50000
L00578,2024-10-26,200000,11.03,36,A,business,Rajasthan,50000
L00579,2024-05-04,100000,13.36,48,B,education,Andhra Pradesh,50000
L00580,2024-01-05,1000000,16.38,12,C,education,Maharashtra,35000
L00581,2024-12-15,300000,25.54,12,E,vehicle,Karnataka,35000
L00582,2024-05-26,200000,10.68,48,A,business,Andhra Pradesh,150000
L00583,2024-03-02,500000,16.16,36,C,consumer_durable,Karnataka,100000
L00584,2024-05-27,200000,14.79,48,B,personal,Karnataka,150000
L00585,2024-01-07,1000000,10.49,48,A,personal,Rajasthan,150000
L00586,2024-05-11,1000000,25.78,24,E,personal,Rajasthan,100000
L00587,2024-04-12,1000000,11.28,12,A,vehicle,Karnataka,35000
L00588,2024-05-19,500000,16.03,12,C,consumer_durable,Telangana,25000
L00589,2024-03-12,1000000,26.38,12,E,vehicle,Tamil Nadu,75000
L00590,2024-11-02,500000,11.86,12,A,business,Tamil Nadu,150000
L00591,2024-04-11,100000,13.25,36,B,consumer_durable,Telangana,25000
L00592,2024-05-02,500000,17.45,48,C,consumer_durable,Rajasthan,50000
L00593,2024-03-18,1000000,13.38,36,B,business,Andhra Pradesh,50000
L00594,2024-03-15,150000,20.14,36,D,business,Rajasthan,50000
L00595,2024-01-20,750000,14.47,36,B,education,Telangana,50000
L00596,2024-11-16,750000,16.38,24,C,education,Delhi,50000
L00597,2024-09-22,500000,13.22,12,B,personal,Tamil Nadu,35000
L00598,2024-04-04,200000,20.21,12,D,education,West Bengal,150000
L00599,2024-04-20,300000,13.1,12,B,personal,Telangana,150000
L00600,2024-11-02,100000,13.94,36,B,education,West Bengal,50000
L00601,2024-05-17,50000,17.65,12,C,personal,Delhi,25000
L00602,2024-04-18,100000,25.2,48,E,vehicle,Telangana,100000
L00603,2024-09-14,150000,17.12,12,C,education,Gujarat,150000
L00604,2024-03-26,750000,14.77,24,B,education,West Bengal,100000
L00605,2024-10-15,150000,14.07,36,B,business,Rajasthan,50000
L00606,2024-07-27,750000,21.53,36,D,education,Telangana,100000
L00607,2024-12-09,750000,14.53,36,B,consumer_durable,Andhra Pradesh,75000
L00608,2024-10-01,50000,11.97,24,A,business,Maharashtra,50000
L00609,2024-01-25,200000,26.71,36,E,education,Rajasthan,100000
L00610,2024-08-12,150000,13.19,24,B,vehicle,Delhi,50000
L00611,2024-05-03,200000,20.47,48,D,education,Telangana,150000
L00612,2024-03-16,500000,11.59,12,A,education,Delhi,25000
L00613,2024-01-25,750000,16.16,36,C,business,West Bengal,75000
L00614,2024-04-24,100000,26.74,12,E,consumer_durable,Maharashtra,50000
L00615,2024-03-11,500000,14.08,24,B,vehicle,Maharashtra,150000
L00616,2024-10-19,750000,17.94,12,C,vehicle,West Bengal,50000
L00617,2024-02-16,150000,16.26,12,C,education,West Bengal,50000
L00618,2024-03-25,750000,11.55,24,A,consumer_durable,Rajasthan,35000
L00619,2024-12-17,200000,14.12,24,B,vehicle,Karnataka,50000
L00620,2024-10-03,500000,17.37,12,C,consumer_durable,West Bengal,50000
L00621,2024-11-01,500000,13.69,36,B,vehicle,Gujarat,100000
L00622,2024-08-02,1000000,21.25,24,D,vehicle,Gujarat,35000
L00623,2024-01-08,100000,16.22,24,C,business,Maharashtra,50000
L00624,2024-08-01,100000,16.61,36,C,vehicle,Rajasthan,35000
L00625,2024-10-24,300000,11.1,24,A,personal,West Bengal,100000
L00626,2024-01-10,50000,20.51,24,D,education,Delhi,25000
L00627,2024-11-09,50000,13.13,36,B,personal,Maharashtra,50000
L00628,2024-07-17,750000,20.46,12,D,business,Andhra Pradesh,100000
L00629,2024-08-18,150000,13.4,12,B,personal,Telangana,100000
L00630,2024-03-01,1000000,13.79,36,B,business,Gujarat,150000
L00631,2024-11-09,300000,14.62,48,B,personal,Rajasthan,50000
L00632,2024-11-05,500000,11.79,12,A,consumer_durable,Rajasthan,150000
L00633,2024-10-05,200000,16.83,48,C,business,Kerala,50000
L00634,2024-03-19,150000,13.41,24,B,vehicle,Delhi,150000
L00635,2024-03-21,150000,16.86,24,C,business,Karnataka,100000
L00636,2024-03-24,100000,13.37,12,B,business,West Bengal,75000
L00637,2024-04-04,300000,13.3,24,B,vehicle,Maharashtra,100000
L00638,2024-04-22,200000,17.19,12,C,business,Karnataka,150000
L00639,2024-10-16,150000,17.0,36,C,vehicle,West Bengal,75000
L00640,2024-01-14,150000,13.39,12,B,business,West Bengal,35000
L00641,2024-02-06,200000,17.52,48,C,education,Andhra Pradesh,150000
L00642,2024-07-13,1000000,14.78,12,B,education,West Bengal,150000
L00643,2024-08-15,50000,14.04,12,B,vehicle,Rajasthan,100000
L00644,2024-09-25,50000,14.12,12,B,vehicle,Delhi,75000
L00645,2024-05-15,300000,14.55,24,B,consumer_durable,Delhi,100000
L00646,2024-11-15,150000,20.93,12,D,education,Karnataka,35000
L00647,2024-06-15,150000,16.79,12,C,vehicle,Andhra Pradesh,100000
L00648,2024-02-09,200000,21.77,36,D,vehicle,Karnataka,25000
L00649,2024-02-17,1000000,11.27,48,A,education,Kerala,35000
L00650,2024-03-11,750000,13.09,24,B,vehicle,Tamil Nadu,35000
L00651,2024-05-24,50000,16.84,48,C,business,Tamil Nadu,25000
L00652,2024-05-01,200000,20.01,48,D,consumer_durable,Andhra Pradesh,100000
L00653,2024-10-22,1000000,20.48,48,D,consumer_durable,West Bengal,75000
L00654,2024-09-09,50000,10.49,24,A,personal,Tamil Nadu,35000
L00655,2024-01-22,500000,10.07,36,A,business,Karnataka,25000
L00656,2024-05-20,150000,10.32,24,A,consumer_durable,Kerala,50000
L00657,2024-06-12,100000,26.54,48,E,personal,West Bengal,100000
L00658,2024-12-28,1000000,10.27,36,A,business,Rajasthan,75000
L00659,2024-02-19,200000,14.22,12,B,consumer_durable,Kerala,150000
L00660,2024-10-20,500000,10.52,36,A,vehicle,Kerala,100000
L00661,2024-03-20,1000000,13.99,24,B,business,Telangana,25000
L00662,2024-02-24,1000000,11.25,24,A,education,West Bengal,75000
L00663,2024-11-07,500000,11.12,12,A,vehicle,Delhi,50000
L00664,2024-09-11,300000,16.6,12,C,personal,Gujarat,50000
L00665,2024-04-11,50000,14.66,36,B,consumer_durable,Andhra Pradesh,25000
L00666,2024-08-28,1000000,16.31,36,C,consumer_durable,West Bengal,150000
L00667,2024-11-11,300000,11.13,12,A,vehicle,Kerala,150000
L00668,2024-03-09,500000,13.13,12,B,business,West Bengal,150000
L00669,2024-07-06,150000,14.14,12,B,business,Gujarat,150000
L00670,2024-04-12,750000,10.17,48,A,business,Telangana,100000
L00671,2024-01-25,100000,13.75,24,B,personal,Andhra Pradesh,100000
L00672,2024-03-07,1000000,11.81,36,A,consumer_durable,Rajasthan,50000
L00673,2024-02-27,150000,17.54,24,C,vehicle,Maharashtra,75000
L00674,2024-01-22,100000,13.01,12,B,business,Andhra Pradesh,25000
L00675,2024-05-21,300000,10.04,24,A,business,Telangana,35000
L00676,2024-11-04,500000,11.55,36,A,vehicle,Tamil Nadu,50000
L00677,2024-06-18,100000,10.41,36,A,business,Tamil Nadu,150000
L00678,2024-05-20,200000,20.34,36,D,education,Andhra Pradesh,25000
L00679,2024-01-04,1000000,11.81,48,A,personal,Karnataka,75000
L00680,2024-05-11,1000000,14.23,24,B,education,Karnataka,75000
L00681,2024-12-15,100000,14.63,12,B,consumer_durable,Delhi,150000
L00682,2024-04-05,1000000,16.94,36,C,business,West Bengal,35000
L00683,2024-06-15,500000,17.58,48,C,personal,Karnataka,75000
L00684,2024-03-10,1000000,10.92,36,A,education,Kerala,35000
L00685,2024-02-11,750000,14.64,12,B,business,Rajasthan,75000
L00686,2024-04-18,750000,13.48,24,B,consumer_durable,West Bengal,25000
L00687,2024-07-19,750000,14.57,36,B,education,Telangana,35000
L00688,2024-12-19,100000,17.48,48,C,personal,Kerala,100000
L00689,2024-03-10,100000,14.64,48,B,personal,Kerala,25000
L00690,2024-11-22,750000,16.65,12,C,personal,Telangana,35000
L00691,2024-11-05,50000,21.51,48,D,education,Delhi,75000
L00692,2024-11-11,1000000,16.39,36,C,education,Delhi,75000
L00693,2024-10-01,500000,17.98,48,C,vehicle,Delhi,25000
L00694,2024-09-27,50000,13.0,36,B,personal,Delhi,25000
L00695,2024-12-13,750000,11.25,48,A,consumer_durable,West Bengal,100000
L00696,2024-04-18,150000,10.95,48,A,business,West Bengal,35000
L00697,2024-02-21,150000,10.27,12,A,vehicle,Andhra Pradesh,150000
L00698,2024-11-26,150000,13.17,48,B,consumer_durable,Kerala,75000
L00699,2024-09-27,1000000,17.02,48,C,consumer_durable,Gujarat,35000
L00700,2024-12-08,50000,11.16,36,A,consumer_durable,Rajasthan,100000
L00701,2024-12-12,50000,14.14,12,B,education,Andhra Pradesh,150000
L00702,2024-02-17,300000,10.93,12,A,vehicle,Andhra Pradesh,150000
L00703,2024-09-26,100000,17.37,36,C,education,Maharashtra,50000
L00704,2024-09-16,50000,13.94,36,B,consumer_durable,Gujarat,50000
L00705,2024-10-24,50000,11.39,36,A,education,Delhi,25000
L00706,2024-11-10,150000,17.15,12,C,business,Andhra Pradesh,25000
L00707,2024-05-09,100000,11.7,24,A,education,Delhi,50000
L00708,2024-10-06,50000,21.48,24,D,consumer_durable,Gujarat,35000
L00709,2024-09-28,200000,10.97,12,A,business,Karnataka,35000
L00710,2024-07-25,150000,17.68,48,C,vehicle,Andhra Pradesh,150000
L00711,2024-06-02,200000,17.16,36,C,personal,Maharashtra,35000
L00712,2024-12-25,1000000,13.6,24,B,consumer_durable,West Bengal,75000
L00713,2024-08-13,750000,10.02,36,A,education,Maharashtra,25000
L00714,2024-07-20,500000,21.91,36,D,business,Delhi,50000
L00715,2024-07-15,300000,21.31,24,D,education,Telangana,100000
L00716,2024-01-22,150000,13.63,12,B,personal,Maharashtra,75000
L00717,2024-06-08,100000,11.37,36,A,business,Telangana,25000
L00718,2024-10-22,100000,10.11,24,A,education,Karnataka,150000
L00719,2024-03-13,100000,26.71,24,E,personal,Tamil Nadu,50000
L00720,2024-05-25,100000,11.28,48,A,business,Delhi,35000
L00721,2024-07-13,300000,17.55,36,C,personal,Delhi,50000
L00722,2024-04-20,100000,10.98,48,A,vehicle,Andhra Pradesh,25000
L00723,2024-11-04,750000,10.44,48,A,business,Karnataka,25000
L00724,2024-01-16,300000,11.55,24,A,personal,Maharashtra,150000
L00725,2024-07-19,150000,14.4,12,B,education,Andhra Pradesh,75000
L00726,2024-01-13,100000,14.08,48,B,personal,Kerala,100000
L00727,2024-05-13,500000,25.67,12,E,personal,Gujarat,100000
L00728,2024-08-25,500000,20.16,36,D,vehicle,Tamil Nadu,100000
L00729,2024-05-23,750000,11.32,48,A,personal,Gujarat,75000
L00730,2024-03-02,1000000,11.47,24,A,personal,Kerala,35000
L00731,2024-11-10,100000,14.59,48,B,education,Andhra Pradesh,25000
L00732,2024-12-02,50000,10.68,48,A,personal,Telangana,150000
L00733,2024-09-05,1000000,17.88,24,C,personal,Maharashtra,150000
L00734,2024-10-02,50000,10.94,24,A,vehicle,Maharashtra,35000
L00735,2024-02-15,300000,17.64,24,C,education,Karnataka,25000
L00736,2024-04-14,200000,10.13,36,A,consumer_durable,Gujarat,25000
L00737,2024-04-25,150000,25.64,12,E,education,Tamil Nadu,50000
L00738,2024-07-06,300000,10.28,36,A,education,Tamil Nadu,75000
L00739,2024-11-20,50000,10.27,48,A,vehicle,Maharashtra,75000
L00740,2024-02-23,50000,10.36,36,A,consumer_durable,Andhra Pradesh,150000
L00741,2024-09-15,150000,11.28,48,A,vehicle,Tamil Nadu,100000
L00742,2024-10-03,150000,17.43,36,C,business,West Bengal,25000
L00743,2024-09-04,200000,13.24,36,B,education,Rajasthan,35000
L00744,2024-04-04,200000,13.55,24,B,consumer_durable,Andhra Pradesh,35000
L00745,2024-06-10,50000,10.11,24,A,consumer_durable,Delhi,50000
L00746,2024-12-02,1000000,16.09,24,C,vehicle,Maharashtra,75000
L00747,2024-12-15,100000,14.79,36,B,consumer_durable,Telangana,150000
L00748,2024-02-11,500000,16.46,24,C,personal,Telangana,150000
L00749,2024-04-03,200000,13.75,48,B,education,Andhra Pradesh,25000
L00750,2024-10-15,150000,20.43,24,D,consumer_durable,Gujarat,35000
L00751,2024-05-07,200000,14.26,36,B,vehicle,Maharashtra,150000
L00752,2024-08-15,300000,13.27,48,B,vehicle,Gujarat,35000
L00753,2024-11-20,150000,21.58,24,D,education,Rajasthan,35000
L00754,2024-04-19,1000000,11.72,48,A,consumer_durable,Delhi,25000
L00755,2024-07-19,200000,16.5,24,C,education,Tamil Nadu,100000
L00756,2024-01-16,750000,21.96,12,D,consumer_durable,Rajasthan,75000
L00757,2024-04-03,100000,13.9,12,B,consumer_durable,Telangana,35000
L00758,2024-02-01,200000,14.3,48,B,business,Tamil Nadu,150000
L00759,2024-08-25,50000,14.95,24,B,consumer_durable,Tamil Nadu,50000
L00760,2024-02-13,50000,17.72,36,C,education,Maharashtra,50000
L00761,2024-10-18,300000,14.4,24,B,personal,Kerala,50000
L00762,2024-11-12,50000,17.03,12,C,personal,West Bengal,50000
L00763,2024-03-21,50000,13.73,12,B,education,Telangana,35000
L00764,2024-11-16,200000,26.08,24,E,vehicle,Gujarat,50000
L00765,2024-02-12,750000,20.55,36,D,consumer_durable,Andhra Pradesh,100000
L00766,2024-09-22,100000,13.94,36,B,consumer_durable,Kerala,50000
L00767,2024-08-03,100000,16.38,12,C,consumer_durable,Tamil Nadu,50000
L00768,2024-05-04,100000,25.22,24,E,consumer_durable,Tamil Nadu,35000
L00769,2024-11-18,50000,13.59,24,B,consumer_durable,Gujarat,75000
L00770,2024-02-01,50000,13.58,24,B,education,Gujarat,75000
L00771,2024-11-23,500000,13.97,48,B,consumer_durable,Delhi,100000
L00772,2024-05-08,300000,10.34,48,A,business,Delhi,25000
L00773,2024-03-20,300000,10.91,24,A,education,Delhi,35000
L00774,2024-02-02,150000,25.32,36,E,education,Tamil Nadu,75000
L00775,2024-12-02,150000,10.41,36,A,business,Tamil Nadu,50000
L00776,2024-02-01,150000,14.07,48,B,consumer_durable,Tamil Nadu,75000
L00777,2024-12-18,150000,20.01,36,D,business,Andhra Pradesh,50000
L00778,2024-12-15,150000,26.6,36,E,personal,Andhra Pradesh,25000
L00779,2024-07-20,100000,10.62,24,A,consumer_durable,Gujarat,25000
L00780,2024-04-26,200000,14.17,36,B,vehicle,Maharashtra,25000
L00781,2024-02-17,1000000,14.35,48,B,vehicle,Andhra Pradesh,50000
L00782,2024-06-13,50000,17.82,24,C,consumer_durable,Gujarat,75000
L00783,2024-05-15,300000,13.69,12,B,vehicle,Andhra Pradesh,150000
L00784,2024-12-14,1000000,25.58,48,E,vehicle,Kerala,100000
L00785,2024-09-11,200000,10.61,12,A,education,West Bengal,25000
L00786,2024-09-15,300000,10.83,24,A,vehicle,Tamil Nadu,75000
L00787,2024-05-27,1000000,10.08,36,A,consumer_durable,Rajasthan,150000
L00788,2024-03-09,50000,14.58,36,B,consumer_durable,Karnataka,150000
L00789,2024-08-23,300000,16.83,24,C,personal,Karnataka,50000
L00790,2024-06-19,100000,14.2,48,B,education,West Bengal,50000
L00791,2024-02-12,1000000,17.95,12,C,business,Tamil Nadu,100000
L00792,2024-12-05,500000,10.92,36,A,vehicle,Maharashtra,50000
L00793,2024-05-17,500000,13.1,12,B,education,Telangana,150000
L00794,2024-03-18,100000,11.2,36,A,business,Delhi,50000
L00795,2024-10-12,500000,16.19,24,C,personal,Tamil Nadu,100000
L00796,2024-03-04,1000000,10.82,24,A,vehicle,Rajasthan,35000
L00797,2024-02-04,100000,20.83,24,D,personal,Andhra Pradesh,50000
L00798,2024-08-20,500000,13.28,36,B,vehicle,Delhi,25000
L00799,2024-12-05,100000,16.44,24,C,business,Tamil Nadu,35000
L00800,2024-02-03,100000,10.85,12,A,consumer_durable,West Bengal,25000
L00801,2024-09-19,50000,11.59,12,A,consumer_durable,Karnataka,50000
L00802,2024-02-26,300000,11.34,12,A,education,Telangana,100000
L00803,2024-01-03,150000,21.34,24,D,business,Kerala,50000
L00804,2024-02-04,200000,14.01,12,B,education,Telangana,150000
L00805,2024-09-01,300000,10.34,12,A,vehicle,Rajasthan,150000
L00806,2024-02-06,150000,13.88,36,B,consumer_durable,West Bengal,35000
L00807,2024-06-04,750000,13.23,48,B,personal,Rajasthan,35000
L00808,2024-09-24,500000,14.41,12,B,personal,Gujarat,75000
L00809,2024-12-10,300000,10.91,48,A,vehicle,Rajasthan,75000
L00810,2024-02-27,750000,10.38,48,A,business,Tamil Nadu,25000
L00811,2024-07-15,1000000,26.34,12,E,personal,Tamil Nadu,75000
L00812,2024-03-03,100000,14.48,36,B,vehicle,Gujarat,35000
L00813,2024-07-24,750000,16.25,48,C,business,Kerala,100000
L00814,2024-11-20,750000,10.71,48,A,consumer_durable,Rajasthan,50000
L00815,2024-05-16,1000000,10.22,48,A,vehicle,Tamil Nadu,25000
L00816,2024-08-22,50000,11.66,12,A,vehicle,West Bengal,100000
L00817,2024-10-04,150000,16.61,12,C,education,Andhra Pradesh,75000
L00818,2024-05-18,1000000,10.98,36,A,education,Rajasthan,25000
L00819,2024-02-13,50000,26.98,48,E,business,West Bengal,75000
L00820,2024-11-28,50000,13.35,36,B,vehicle,Andhra Pradesh,75000
L00821,2024-02-19,750000,10.97,48,A,education,Rajasthan,100000
L00822,2024-07-09,150000,14.01,48,B,education,West Bengal,100000
L00823,2024-01-19,300000,16.64,12,C,vehicle,Gujarat,50000
L00824,2024-11-11,50000,21.53,48,D,personal,West Bengal,50000
L00825,2024-11-08,750000,25.7,24,E,vehicle,Delhi,100000
L00826,2024-02-11,100000,11.74,24,A,personal,Rajasthan,50000
L00827,2024-07-09,750000,11.14,12,A,consumer_durable,Kerala,25000
L00828,2024-06-19,750000,26.14,12,E,consumer_durable,Karnataka,150000
L00829,2024-11-11,500000,16.99,24,C,education,Delhi,50000
L00830,2024-02-27,200000,25.99,24,E,business,Delhi,25000
L00831,2024-10-24,750000,11.61,12,A,education,Karnataka,100000
L00832,2024-09-16,100000,14.13,48,B,vehicle,Gujarat,25000
L00833,2024-05-14,300000,17.01,36,C,vehicle,West Bengal,75000
L00834,2024-09-06,1000000,11.34,12,A,education,Tamil Nadu,100000
L00835,2024-11-18,1000000,13.54,48,B,education,Maharashtra,100000
L00836,2024-03-24,1000000,10.3,36,A,consumer_durable,West Bengal,50000
L00837,2024-07-09,100000,21.27,36,D,vehicle,Delhi,150000
L00838,2024-03-07,750000,16.48,12,C,vehicle,Delhi,75000
L00839,2024-01-07,750000,13.84,24,B,business,Tamil Nadu,25000
L00840,2024-03-21,300000,11.32,12,A,consumer_durable,Maharashtra,25000
L00841,2024-05-28,100000,20.63,12,D,consumer_durable,Gujarat,150000
L00842,2024-12-27,100000,16.79,24,C,vehicle,Karnataka,100000
L00843,2024-10-25,100000,17.04,36,C,consumer_durable,Karnataka,35000
L00844,2024-10-24,500000,16.66,48,C,vehicle,West Bengal,35000
L00845,2024-05-15,150000,10.43,48,A,business,Kerala,25000
L00846,2024-02-11,500000,14.4,48,B,consumer_durable,Telangana,50000
L00847,2024-12-12,150000,20.73,36,D,personal,Kerala,25000
L00848,2024-11-08,50000,21.38,36,D,education,West Bengal,50000
L00849,2024-11-04,500000,17.81,24,C,consumer_durable,West Bengal,25000
L00850,2024-05-10,750000,21.86,12,D,vehicle,Delhi,35000
L00851,2024-11-11,150000,21.83,48,D,personal,Delhi,25000
L00852,2024-07-27,1000000,20.94,36,D,consumer_durable,Karnataka,35000
L00853,2024-10-24,100000,16.7,36,C,consumer_durable,Maharashtra,25000
L00854,2024-11-05,150000,17.26,12,C,consumer_durable,Telangana,150000
L00855,2024-04-17,100000,13.22,24,B,education,West Bengal,50000
L00856,2024-11-19,150000,13.52,36,B,business,Telangana,25000
L00857,2024-07-27,150000,13.79,24,B,personal,Maharashtra,100000
L00858,2024-08-07,200000,17.81,36,C,vehicle,Maharashtra,75000
L00859,2024-06-06,300000,16.3,12,C,personal,Rajasthan,75000
L00860,2024-08-04,1000000,17.65,24,C,vehicle,Telangana,50000
L00861,2024-07-28,1000000,10.76,24,A,education,Telangana,50000
L00862,2024-07-26,200000,16.84,24,C,personal,Delhi,50000
L00863,2024-06-19,1000000,11.81,48,A,personal,Maharashtra,75000
L00864,2024-07-22,500000,11.95,24,A,consumer_durable,West Bengal,150000
L00865,2024-01-02,100000,16.19,36,C,vehicle,Andhra Pradesh,50000
L00866,2024-09-20,50000,25.01,48,E,business,West Bengal,150000
L00867,2024-05-06,50000,14.16,48,B,business,Andhra Pradesh,35000
L00868,2024-02-11,750000,10.28,12,A,vehicle,Andhra Pradesh,50000
L00869,2024-05-20,750000,16.57,36,C,education,Gujarat,75000
L00870,2024-08-25,500000,21.47,24,D,education,Andhra Pradesh,25000
L00871,2024-01-16,50000,10.46,36,A,vehicle,Andhra Pradesh,75000
L00872,2024-06-23,1000000,10.08,48,A,consumer_durable,Andhra Pradesh,25000
L00873,2024-02-07,150000,20.25,36,D,vehicle,Tamil Nadu,150000
L00874,2024-11-19,300000,14.13,24,B,education,Maharashtra,100000
L00875,2024-02-08,150000,16.83,48,C,personal,Gujarat,25000
L00876,2024-10-04,100000,10.79,36,A,vehicle,Maharashtra,25000
L00877,2024-05-20,1000000,13.91,12,B,business,Maharashtra,150000
L00878,2024-12-24,1000000,16.65,24,C,vehicle,Maharashtra,150000
L00879,2024-09-20,50000,11.49,48,A,personal,West Bengal,50000
L00880,2024-04-06,750000,10.18,48,A,consumer_durable,Delhi,150000
L00881,2024-08-26,150000,16.24,48,C,business,Kerala,35000
L00882,2024-09-07,100000,14.66,48,B,consumer_durable,West Bengal,75000
L00883,2024-07-26,750000,10.18,36,A,education,Tamil Nadu,75000
L00884,2024-06-15,100000,16.08,24,C,vehicle,Andhra Pradesh,100000
L00885,2024-07-03,100000,16.58,48,C,business,Tamil Nadu,35000
L00886,2024-09-14,300000,17.68,36,C,education,Maharashtra,100000
L00887,2024-09-14,50000,11.03,48,A,personal,Andhra Pradesh,150000
L00888,2024-10-03,300000,16.71,12,C,personal,Andhra Pradesh,35000
L00889,2024-07-23,750000,16.09,36,C,business,Kerala,150000
L00890,2024-05-11,1000000,14.25,24,B,vehicle,Tamil Nadu,25000
L00891,2024-02-14,300000,17.74,12,C,personal,West Bengal,25000
L00892,2024-07-28,1000000,10.92,48,A,business,Kerala,100000
L00893,2024-02-05,750000,14.61,24,B,personal,Telangana,25000
L00894,2024-04-16,200000,21.72,24,D,vehicle,West Bengal,150000
L00895,2024-08-05,200000,20.17,48,D,consumer_durable,Maharashtra,25000
L00896,2024-08-16,150000,11.48,48,A,personal,Andhra Pradesh,100000
L00897,2024-07-02,300000,11.14,36,A,personal,Karnataka,150000
L00898,2024-08-24,750000,21.96,36,D,personal,Andhra Pradesh,75000
L00899,2024-01-17,1000000,13.46,12,B,consumer_durable,Kerala,50000
L00900,2024-07-16,300000,14.79,12,B,consumer_durable,Kerala,150000
L00901,2024-05-24,750000,13.04,24,B,consumer_durable,Gujarat,75000
L00902,2024-11-11,200000,11.18,48,A,vehicle,Delhi,150000
L00903,2024-11-21,750000,17.67,36,C,consumer_durable,Tamil Nadu,100000
L00904,2024-03-06,100000,11.33,24,A,vehicle,Kerala,75000
L00905,2024-08-10,750000,11.89,24,A,vehicle,Rajasthan,25000
L00906,2024-06-22,500000,26.76,24,E,vehicle,Rajasthan,25000
L00907,2024-10-08,500000,20.86,12,D,education,Telangana,75000
L00908,2024-01-25,500000,11.57,36,A,vehicle,Rajasthan,100000
L00909,2024-08-26,50000,17.85,48,C,personal,Karnataka,100000
L00910,2024-01-17,100000,17.65,12,C,vehicle,Karnataka,35000
L00911,2024-12-15,150000,21.46,48,D,personal,Tamil Nadu,150000
L00912,2024-04-15,150000,13.25,48,B,personal,Telangana,75000
L00913,2024-06-23,150000,13.17,48,B,business,Telangana,35000
L00914,2024-03-26,750000,17.57,48,C,consumer_durable,West Bengal,75000
L00915,2024-08-05,500000,26.89,12,E,education,Karnataka,25000
L00916,2024-03-14,750000,14.96,12,B,consumer_durable,Maharashtra,150000
L00917,2024-01-21,150000,21.81,36,D,consumer_durable,West Bengal,150000
L00918,2024-06-12,300000,17.44,12,C,business,Rajasthan,100000
L00919,2024-04-18,750000,20.89,48,D,business,West Bengal,35000
L00920,2024-06-13,100000,20.07,24,D,education,Rajasthan,50000
L00921,2024-11-06,300000,11.04,12,A,personal,Rajasthan,100000
L00922,2024-09-04,300000,11.45,12,A,business,Delhi,150000
L00923,2024-11-04,100000,13.1,48,B,business,Kerala,150000
L00924,2024-12-19,500000,11.97,24,A,business,Delhi,50000
L00925,2024-09-24,150000,17.43,24,C,personal,Gujarat,100000
L00926,2024-03-23,500000,16.91,48,C,consumer_durable,Karnataka,25000
L00927,2024-08-03,150000,10.95,36,A,education,West Bengal,100000
L00928,2024-10-16,750000,14.74,48,B,consumer_durable,Andhra Pradesh,150000
L00929,2024-03-16,150000,25.29,48,E,vehicle,Rajasthan,100000
L00930,2024-01-24,200000,10.91,24,A,education,Gujarat,25000
L00931,2024-06-19,750000,16.22,36,C,personal,Rajasthan,35000
L00932,2024-05-10,300000,11.98,48,A,personal,Tamil Nadu,35000
L00933,2024-05-10,750000,16.1,24,C,vehicle,Andhra Pradesh,25000
L00934,2024-01-14,500000,10.14,48,A,education,Delhi,100000
L00935,2024-08-27,500000,14.56,24,B,vehicle,Rajasthan,150000
L00936,2024-03-28,1000000,14.33,36,B,personal,Kerala,150000
L00937,2024-07-11,750000,16.47,12,C,consumer_durable,Delhi,150000
L00938,2024-10-21,150000,11.41,36,A,education,Karnataka,150000
L00939,2024-09-19,200000,14.91,12,B,education,Rajasthan,35000
L00940,2024-09-06,50000,16.24,12,C,business,Telangana,35000
L00941,2024-09-20,1000000,20.17,36,D,consumer_durable,Kerala,25000
L00942,2024-03-14,50000,13.68,12,B,education,Gujarat,75000
L00943,2024-09-06,100000,11.96,36,A,vehicle,Tamil Nadu,50000
L00944,2024-07-22,150000,16.61,24,C,personal,Kerala,50000
L00945,2024-02-11,50000,10.6,24,A,consumer_durable,Gujarat,50000
L00946,2024-04-25,100000,13.1,24,B,consumer_durable,Rajasthan,100000
L00947,2024-06-15,100000,13.54,48,B,personal,Andhra Pradesh,25000
L00948,2024-01-09,200000,14.83,12,B,vehicle,Rajasthan,150000
L00949,2024-08-03,300000,17.14,24,C,vehicle,Gujarat,100000
L00950,2024-07-18,200000,26.08,48,E,personal,Maharashtra,75000
L00951,2024-03-01,300000,26.31,12,E,consumer_durable,Delhi,100000
L00952,2024-11-07,750000,12.0,36,A,personal,Tamil Nadu,150000
L00953,2024-07-23,100000,13.6,12,B,vehicle,Rajasthan,50000
L00954,2024-06-22,200000,21.22,36,D,business,Andhra Pradesh,50000
L00955,2024-08-20,500000,10.68,36,A,personal,Tamil Nadu,150000
L00956,2024-01-22,1000000,20.01,24,D,consumer_durable,Rajasthan,150000
L00957,2024-11-21,750000,17.08,12,C,education,Maharashtra,150000
L00958,2024-07-27,100000,13.71,36,B,consumer_durable,Tamil Nadu,150000
L00959,2024-04-15,100000,25.93,12,E,vehicle,Maharashtra,50000
L00960,2024-10-21,500000,16.38,36,C,vehicle,Telangana,75000
L00961,2024-12-23,50000,25.56,24,E,personal,Telangana,150000
L00962,2024-08-06,300000,14.14,24,B,education,Kerala,100000
L00963,2024-03-09,150000,11.49,24,A,education,Delhi,35000
L00964,2024-12-22,50000,21.98,36,D,education,Andhra Pradesh,25000
L00965,2024-06-14,50000,26.71,48,E,business,Karnataka,150000
L00966,2024-01-24,1000000,13.72,24,B,personal,Delhi,75000
L00967,2024-04-11,500000,13.01,12,B,education,Maharashtra,150000
L00968,2024-04-07,750000,11.92,24,A,business,Delhi,25000
L00969,2024-07-26,100000,16.06,12,C,education,Gujarat,50000
L00970,2024-06-27,1000000,10.48,12,A,business,Rajasthan,35000
L00971,2024-11-15,1000000,26.53,12,E,personal,Maharashtra,25000
L00972,2024-01-26,100000,14.57,48,B,personal,Delhi,100000
L00973,2024-01-18,100000,16.2,12,C,business,West Bengal,75000
L00974,2024-10-26,750000,10.47,12,A,consumer_durable,West Bengal,75000
L00975,2024-11-26,100000,16.68,12,C,consumer_durable,Rajasthan,50000
L00976,2024-10-23,100000,16.21,12,C,education,Telangana,100000
L00977,2024-08-24,300000,10.71,48,A,vehicle,Telangana,35000
L00978,2024-10-14,50000,16.26,36,C,business,Kerala,100000
L00979,2024-10-11,150000,16.94,36,C,business,Maharashtra,100000
L00980,2024-09-27,150000,16.11,12,C,consumer_durable,Gujarat,35000
L00981,2024-06-07,200000,26.57,48,E,consumer_durable,Kerala,150000
L00982,2024-07-11,500000,14.23,24,B,personal,Andhra Pradesh,25000
L00983,2024-12-08,50000,14.28,48,B,education,Telangana,35000
L00984,2024-07-07,500000,14.61,48,B,vehicle,Maharashtra,50000
L00985,2024-02-05,500000,10.06,36,A,consumer_durable,Telangana,150000
L00986,2024-01-07,500000,16.09,24,C,business,Tamil Nadu,35000
L00987,2024-09-08,150000,20.68,24,D,vehicle,Maharashtra,35000
L00988,2024-11-05,100000,20.04,48,D,personal,Gujarat,35000
L00989,2024-06-22,200000,13.74,24,B,education,Kerala,75000
L00990,2024-03-26,100000,20.24,24,D,vehicle,Rajasthan,75000
L00991,2024-11-08,500000,17.2,12,C,education,Kerala,35000
L00992,2024-06-08,300000,21.58,12,D,business,Tamil Nadu,100000
L00993,2024-02-26,1000000,25.42,48,E,education,Karnataka,35000
L00994,2024-08-06,500000,14.0,36,B,business,Rajasthan,150000
L00995,2024-10-13,1000000,13.95,12,B,vehicle,Telangana,35000
L00996,2024-05-14,200000,13.79,48,B,education,Tamil Nadu,50000
L00997,2024-02-10,100000,10.27,48,A,education,Gujarat,35000
L00998,2024-06-14,1000000,17.02,48,C,consumer_durable,West Bengal,75000
L00999,2024-07-01,1000000,13.63,24,B,consumer_durable,Telangana,50000
L01000,2024-05-27,500000,17.8,12,C,business,Telangana,25000
L01001,2024-04-11,500000,10.08,24,A,business,Delhi,50000
L01002,2024-10-05,300000,16.38,36,C,personal,Delhi,50000
L01003,2024-10-25,750000,21.89,12,D,consumer_durable,Rajasthan,35000
L01004,2024-12-07,200000,20.45,48,D,vehicle,Rajasthan,100000
L01005,2024-08-11,1000000,17.45,12,C,business,Telangana,75000
L01006,2024-08-28,750000,16.42,12,C,business,Tamil Nadu,100000
L01007,2024-01-16,300000,21.89,36,D,business,Telangana,75000
L01008,2024-12-18,750000,14.53,36,B,business,Kerala,25000
L01009,2024-03-11,50000,14.84,48,B,consumer_durable,Telangana,75000
L01010,2024-02-11,750000,10.38,48,A,business,Karnataka,35000
L01011,2024-12-20,150000,10.06,48,A,personal,Tamil Nadu,35000
L01012,2024-04-10,750000,10.57,12,A,consumer_durable,Maharashtra,50000
L01013,2024-07-13,150000,13.65,24,B,personal,Tamil Nadu,100000
L01014,2024-04-05,100000,13.78,24,B,business,West Bengal,150000
L01015,2024-05-19,150000,17.21,24,C,education,Andhra Pradesh,50000
L01016,2024-07-20,150000,10.89,24,A,education,Gujarat,100000
L01017,2024-01-24,1000000,20.93,12,D,business,Andhra Pradesh,50000
L01018,2024-03-14,300000,16.78,24,C,vehicle,Kerala,150000
L01019,2024-03-23,750000,14.82,12,B,consumer_durable,Maharashtra,35000
L01020,2024-11-18,150000,20.55,36,D,personal,Telangana,75000
L01021,2024-02-25,100000,14.99,12,B,education,Gujarat,75000
L01022,2024-01-15,300000,13.41,12,B,personal,Andhra Pradesh,75000
L01023,2024-07-02,750000,14.71,12,B,business,Karnataka,150000
L01024,2024-08-16,500000,21.34,48,D,personal,Karnataka,100000
L01025,2024-05-27,1000000,16.28,24,C,vehicle,Maharashtra,100000
L01026,2024-12-13,300000,10.25,24,A,personal,Maharashtra,150000
L01027,2024-04-23,1000000,10.72,12,A,education,Telangana,75000
L01028,2024-05-15,100000,16.78,12,C,education,Maharashtra,25000
L01029,2024-06-08,200000,17.86,24,C,personal,Maharashtra,75000
L01030,2024-04-22,50000,10.67,12,A,vehicle,Karnataka,150000
L01031,2024-09-04,150000,10.09,36,A,business,Rajasthan,150000
L01032,2024-07-14,200000,11.87,12,A,vehicle,Telangana,25000
L01033,2024-11-11,150000,13.03,12,B,consumer_durable,Telangana,75000
L01034,2024-06-02,300000,11.3,12,A,vehicle,West Bengal,50000
L01035,2024-02-23,1000000,17.97,24,C,business,Karnataka,100000
L01036,2024-12-05,750000,14.36,36,B,vehicle,Gujarat,150000
L01037,2024-10-15,500000,13.04,48,B,education,Telangana,100000
L01038,2024-10-25,50000,16.47,12,C,business,Telangana,150000
L01039,2024-01-05,200000,14.24,36,B,consumer_durable,Delhi,35000
L01040,2024-04-24,200000,11.28,48,A,business,Tamil Nadu,50000
L01041,2024-07-21,50000,14.04,36,B,personal,Telangana,150000
L01042,2024-01-22,200000,13.41,24,B,vehicle,Kerala,75000
L01043,2024-01-03,150000,13.88,48,B,personal,Telangana,25000
L01044,2024-03-03,150000,17.88,24,C,education,Rajasthan,35000
L01045,2024-08-10,100000,10.85,24,A,vehicle,Telangana,75000
L01046,2024-10-15,200000,10.61,24,A,business,Andhra Pradesh,25000
L01047,2024-03-16,500000,25.8,48,E,consumer_durable,Rajasthan,100000
L01048,2024-08-01,150000,17.64,48,C,consumer_durable,Karnataka,50000
L01049,2024-03-09,150000,17.11,48,C,consumer_durable,Delhi,75000
L01050,2024-03-23,1000000,10.14,48,A,vehicle,Tamil Nadu,35000
L01051,2024-07-13,500000,10.98,36,A,consumer_durable,Andhra Pradesh,50000
L01052,2024-01-04,100000,16.82,48,C,education,Tamil Nadu,35000
L01053,2024-12-12,300000,17.54,48,C,business,Maharashtra,150000
L01054,2024-04-16,750000,14.47,12,B,business,Maharashtra,150000
L01055,2024-08-22,150000,16.52,24,C,business,Telangana,100000
L01056,2024-02-21,150000,13.02,48,B,consumer_durable,Kerala,25000
L01057,2024-03-27,200000,14.75,48,B,business,Delhi,100000
L01058,2024-12-14,750000,26.17,12,E,personal,Kerala,50000
L01059,2024-12-13,300000,21.5,36,D,personal,Tamil Nadu,75000
L01060,2024-07-17,100000,11.55,48,A,business,West Bengal,35000
L01061,2024-04-16,150000,11.41,24,A,education,Karnataka,75000
L01062,2024-01-24,200000,13.37,24,B,vehicle,Delhi,75000
L01063,2024-03-03,100000,14.74,36,B,personal,West Bengal,25000
L01064,2024-04-16,500000,10.06,48,A,personal,Maharashtra,25000
L01065,2024-01-04,50000,11.33,24,A,education,Maharashtra,75000
L01066,2024-08-25,300000,17.86,36,C,education,West Bengal,50000
L01067,2024-04-12,500000,15.0,48,B,consumer_durable,Kerala,25000
L01068,2024-01-15,500000,26.61,48,E,vehicle,Maharashtra,100000
L01069,2024-04-12,300000,11.9,48,A,education,Andhra Pradesh,100000
L01070,2024-11-27,200000,13.01,36,B,personal,Gujarat,25000
L01071,2024-04-20,500000,26.36,48,E,consumer_durable,Kerala,25000
L01072,2024-12-04,1000000,14.97,48,B,business,Kerala,35000
L01073,2024-02-10,50000,16.26,48,C,vehicle,Andhra Pradesh,25000
L01074,2024-03-25,200000,13.49,12,B,personal,West Bengal,150000
L01075,2024-05-08,500000,11.81,36,A,consumer_durable,Karnataka,150000
L01076,2024-12-11,1000000,10.18,24,A,education,Kerala,25000
L01077,2024-12-24,750000,17.82,48,C,education,West Bengal,35000
L01078,2024-02-03,100000,10.58,36,A,education,Telangana,150000
L01079,2024-06-13,500000,25.25,12,E,business,Maharashtra,100000
L01080,2024-06-25,750000,14.96,36,B,vehicle,Rajasthan,150000
L01081,2024-01-18,200000,16.21,48,C,business,Tamil Nadu,50000
L01082,2024-03-20,1000000,21.36,36,D,vehicle,Maharashtra,100000
L01083,2024-12-19,100000,13.55,48,B,vehicle,Andhra Pradesh,50000
L01084,2024-06-05,750000,16.12,24,C,vehicle,Maharashtra,35000
L01085,2024-11-28,750000,20.6,24,D,personal,Rajasthan,75000
L01086,2024-07-13,1000000,14.98,12,B,education,Delhi,50000
L01087,2024-09-13,200000,17.4,12,C,vehicle,Gujarat,100000
L01088,2024-12-10,50000,21.7,48,D,vehicle,Kerala,35000
L01089,2024-03-07,1000000,13.58,24,B,vehicle,Maharashtra,50000
L01090,2024-03-13,100000,17.36,48,C,vehicle,Maharashtra,25000
L01091,2024-01-04,1000000,13.36,36,B,education,West Bengal,35000
L01092,2024-02-08,750000,16.49,48,C,consumer_durable,Delhi,150000
L01093,2024-07-25,150000,17.31,12,C,consumer_durable,West Bengal,50000
L01094,2024-02-04,1000000,16.73,12,C,personal,Andhra Pradesh,150000
L01095,2024-10-19,200000,16.05,48,C,business,Karnataka,100000
L01096,2024-12-14,1000000,12.0,36,A,education,Tamil Nadu,25000
L01097,2024-12-01,150000,13.81,48,B,education,Rajasthan,100000
L01098,2024-04-22,100000,14.51,12,B,vehicle,Kerala,150000
L01099,2024-02-02,1000000,11.6,24,A,education,Telangana,150000
L01100,2024-01-03,300000,11.7,12,A,education,Delhi,50000
L01101,2024-11-01,150000,25.85,24,E,business,Maharashtra,100000
L01102,2024-08-05,300000,21.32,48,D,business,Rajasthan,50000
L01103,2024-11-27,200000,17.38,12,C,vehicle,Maharashtra,35000
L01104,2024-10-18,200000,11.91,24,A,education,Gujarat,50000
L01105,2024-05-09,750000,10.15,48,A,vehicle,West Bengal,75000
L01106,2024-12-05,300000,11.35,24,A,personal,Delhi,150000
L01107,2024-10-22,200000,17.43,24,C,consumer_durable,Tamil Nadu,50000
L01108,2024-10-08,750000,25.76,12,E,business,Karnataka,100000
L01109,2024-11-03,750000,10.13,36,A,business,Delhi,35000
L01110,2024-02-13,200000,20.55,24,D,consumer_durable,Karnataka,25000
L01111,2024-08-04,300000,11.18,36,A,education,Delhi,100000
L01112,2024-03-11,100000,11.79,48,A,vehicle,Gujarat,150000
L01113,2024-03-09,750000,16.95,12,C,education,Tamil Nadu,150000
L01114,2024-05-02,750000,11.14,36,A,vehicle,Kerala,75000
L01115,2024-06-26,150000,16.88,48,C,education,Delhi,50000
L01116,2024-02-10,200000,25.61,48,E,business,Karnataka,150000
L01117,2024-03-19,200000,11.89,12,A,personal,Delhi,100000
L01118,2024-07-22,50000,21.92,24,D,consumer_durable,Andhra Pradesh,100000
L01119,2024-10-07,100000,16.81,12,C,consumer_durable,Rajasthan,150000
L01120,2024-03-22,50000,14.21,24,B,vehicle,Karnataka,50000
L01121,2024-07-16,500000,21.9,48,D,vehicle,Gujarat,25000
L01122,2024-02-10,200000,14.66,36,B,consumer_durable,Delhi,50000
L01123,2024-05-21,750000,10.43,12,A,consumer_durable,Kerala,75000
L01124,2024-06-10,50000,11.23,36,A,personal,Maharashtra,50000
L01125,2024-01-04,150000,20.8,48,D,consumer_durable,Telangana,25000
L01126,2024-08-01,150000,13.82,24,B,business,Telangana,75000
L01127,2024-03-18,300000,13.73,36,B,personal,Andhra Pradesh,150000
L01128,2024-12-14,150000,20.28,12,D,business,Telangana,25000
L01129,2024-07-24,50000,10.27,36,A,personal,Tamil Nadu,150000
L01130,2024-05-04,1000000,11.92,48,A,consumer_durable,Rajasthan,75000
L01131,2024-07-17,150000,16.65,48,C,vehicle,Karnataka,25000
L01132,2024-09-01,150000,16.31,24,C,personal,Gujarat,75000
L01133,2024-05-10,50000,25.87,48,E,personal,West Bengal,35000
L01134,2024-02-28,150000,16.5,36,C,vehicle,West Bengal,35000
L01135,2024-09-20,100000,14.4,24,B,vehicle,Kerala,150000
L01136,2024-07-02,200000,16.24,36,C,vehicle,Tamil Nadu,75000
L01137,2024-01-13,200000,10.18,48,A,education,Delhi,150000
L01138,2024-07-16,200000,16.44,12,C,education,West Bengal,150000
L01139,2024-05-12,100000,10.54,48,A,vehicle,Gujarat,25000
L01140,2024-12-11,50000,10.1,24,A,business,Andhra Pradesh,50000
L01141,2024-05-16,100000,20.86,36,D,business,Delhi,25000
L01142,2024-03-11,50000,11.37,36,A,business,Kerala,100000
L01143,2024-04-19,200000,17.3,48,C,personal,Karnataka,35000
L01144,2024-11-27,100000,16.08,24,C,vehicle,Andhra Pradesh,25000
L01145,2024-08-25,500000,10.6,24,A,education,Tamil Nadu,25000
L01146,2024-05-25,750000,11.1,36,A,business,Andhra Pradesh,150000
L01147,2024-07-17,750000,16.14,12,C,vehicle,Kerala,50000
L01148,2024-10-02,150000,16.58,24,C,consumer_durable,Andhra Pradesh,150000
L01149,2024-09-13,100000,13.33,48,B,consumer_durable,Kerala,50000
L01150,2024-04-19,50000,10.32,12,A,education,Andhra Pradesh,100000
L01151,2024-04-10,300000,16.61,36,C,education,Karnataka,35000
L01152,2024-11-05,200000,10.58,36,A,vehicle,Delhi,25000
L01153,2024-04-18,200000,17.98,12,C,personal,Gujarat,150000
L01154,2024-12-18,500000,16.65,36,C,vehicle,West Bengal,100000
L01155,2024-01-27,50000,11.25,36,A,vehicle,Delhi,35000
L01156,2024-10-04,50000,11.07,48,A,business,Kerala,100000
L01157,2024-05-07,1000000,10.44,48,A,vehicle,Andhra Pradesh,35000
L01158,2024-08-03,750000,16.74,48,C,vehicle,Andhra Pradesh,35000
L01159,2024-08-24,150000,20.38,24,D,business,Maharashtra,50000
L01160,2024-11-20,150000,11.63,24,A,personal,Tamil Nadu,25000
L01161,2024-07-04,1000000,14.82,24,B,personal,Kerala,25000
L01162,2024-01-25,50000,13.22,12,B,vehicle,Telangana,25000
L01163,2024-01-26,50000,11.58,12,A,education,Gujarat,150000
L01164,2024-10-15,150000,10.96,24,A,business,Gujarat,75000
L01165,2024-05-21,50000,11.09,12,A,personal,Maharashtra,25000
L01166,2024-07-05,100000,14.02,12,B,vehicle,Maharashtra,35000
L01167,2024-05-08,150000,13.71,48,B,personal,Andhra Pradesh,35000
L01168,2024-05-12,200000,25.2,12,E,education,Gujarat,25000
L01169,2024-10-05,100000,14.79,24,B,consumer_durable,Rajasthan,50000
L01170,2024-11-22,750000,16.3,36,C,education,Delhi,50000
L01171,2024-11-12,300000,21.83,36,D,personal,Maharashtra,35000
L01172,2024-07-15,150000,16.64,48,C,personal,Karnataka,100000
L01173,2024-06-05,300000,13.29,24,B,consumer_durable,Gujarat,50000
L01174,2024-07-20,1000000,14.39,36,B,vehicle,Telangana,75000
L01175,2024-08-18,1000000,14.08,24,B,consumer_durable,Karnataka,100000
L01176,2024-04-12,200000,17.41,12,C,vehicle,Maharashtra,50000
L01177,2024-01-12,150000,14.84,36,B,vehicle,Delhi,75000
L01178,2024-04-02,750000,10.48,24,A,personal,Tamil Nadu,75000
L01179,2024-12-04,750000,16.74,12,C,consumer_durable,Kerala,35000
L01180,2024-04-03,500000,10.28,12,A,education,West Bengal,35000
L01181,2024-12-17,1000000,17.49,36,C,consumer_durable,West Bengal,150000
L01182,2024-03-02,50000,13.57,12,B,education,Tamil Nadu,100000
L01183,2024-11-15,750000,11.67,36,A,education,Rajasthan,50000
L01184,2024-05-03,750000,17.86,48,C,vehicle,Telangana,75000
L01185,2024-12-18,200000,16.78,12,C,consumer_durable,Andhra Pradesh,50000
L01186,2024-03-02,750000,17.65,36,C,consumer_durable,Telangana,50000
L01187,2024-06-01,100000,10.73,24,A,business,Tamil Nadu,100000
L01188,2024-05-07,200000,11.19,24,A,personal,Telangana,50000
L01189,2024-08-02,50000,11.13,12,A,business,Karnataka,50000
L01190,2024-07-17,500000,11.5,24,A,business,West Bengal,150000
L01191,2024-02-11,150000,14.41,48,B,education,Karnataka,100000
L01192,2024-07-16,150000,20.05,12,D,business,Tamil Nadu,35000
L01193,2024-02-23,100000,17.77,24,C,vehicle,Tamil Nadu,150000
L01194,2024-03-11,500000,10.89,36,A,business,Kerala,75000
L01195,2024-10-20,750000,10.48,12,A,vehicle,Kerala,150000
L01196,2024-03-25,100000,26.61,36,E,education,Karnataka,75000
L01197,2024-05-06,500000,10.34,12,A,business,Kerala,50000
L01198,2024-08-09,100000,13.36,48,B,business,Andhra Pradesh,150000
L01199,2024-08-02,100000,21.94,36,D,business,West Bengal,75000
L01200,2024-09-28,150000,20.88,36,D,business,Karnataka,150000
L01201,2024-11-02,1000000,13.53,12,B,vehicle,Rajasthan,25000
L01202,2024-03-19,100000,10.58,48,A,personal,Telangana,75000
L01203,2024-08-21,100000,20.7,48,D,personal,Karnataka,35000
L01204,2024-04-13,750000,17.54,36,C,personal,Gujarat,50000
L01205,2024-12-16,1000000,25.43,12,E,business,Andhra Pradesh,25000
L01206,2024-04-11,1000000,13.29,12,B,education,West Bengal,25000
L01207,2024-08-07,500000,26.58,12,E,vehicle,Maharashtra,150000
L01208,2024-02-05,300000,14.27,12,B,business,West Bengal,25000
L01209,2024-09-07,1000000,11.74,36,A,vehicle,Maharashtra,25000
L01210,2024-05-06,750000,20.68,24,D,business,West Bengal,75000
L01211,2024-07-12,150000,14.93,48,B,personal,Rajasthan,100000
L01212,2024-12-24,150000,10.65,36,A,personal,Tamil Nadu,75000
L01213,2024-02-26,1000000,26.73,48,E,business,Rajasthan,150000
L01214,2024-03-21,1000000,11.89,48,A,education,Karnataka,25000
L01215,2024-09-25,200000,10.84,24,A,education,West Bengal,35000
L01216,2024-10-01,200000,14.94,36,B,business,Maharashtra,50000
L01217,2024-11-15,100000,21.4,48,D,consumer_durable,Gujarat,50000
L01218,2024-06-04,750000,21.05,24,D,consumer_durable,West Bengal,50000
L01219,2024-07-10,150000,11.09,48,A,business,Kerala,25000
L01220,2024-01-20,100000,25.18,48,E,personal,Andhra Pradesh,150000
L01221,2024-09-19,100000,17.27,12,C,business,West Bengal,35000
L01222,2024-02-07,1000000,11.1,48,A,personal,Gujarat,75000
L01223,2024-06-26,750000,13.02,24,B,education,Delhi,50000
L01224,2024-07-22,300000,20.61,24,D,personal,West Bengal,25000
L01225,2024-09-27,150000,11.58,36,A,business,Tamil Nadu,100000
L01226,2024-07-07,200000,26.11,48,E,personal,Kerala,75000
L01227,2024-03-13,750000,11.95,36,A,education,Tamil Nadu,75000
L01228,2024-11-19,150000,11.01,48,A,business,Rajasthan,35000
L01229,2024-01-14,200000,25.19,12,E,education,Tamil Nadu,25000
L01230,2024-01-24,100000,17.14,24,C,consumer_durable,Gujarat,35000
L01231,2024-09-27,200000,10.59,24,A,consumer_durable,Delhi,150000
L01232,2024-11-01,100000,11.87,12,A,personal,Andhra Pradesh,100000
L01233,2024-03-03,150000,10.56,12,A,consumer_durable,Gujarat,35000
L01234,2024-07-03,1000000,14.59,48,B,personal,Telangana,150000
L01235,2024-08-26,500000,14.27,24,B,vehicle,Delhi,25000
L01236,2024-06-12,50000,20.23,48,D,education,Kerala,100000
L01237,2024-04-20,300000,11.85,12,A,education,Maharashtra,100000
L01238,2024-06-04,150000,13.43,24,B,personal,Gujarat,35000
L01239,2024-08-07,150000,10.54,12,A,business,Rajasthan,150000
L01240,2024-07-07,1000000,10.87,36,A,vehicle,Telangana,150000
L01241,2024-02-19,300000,21.92,36,D,vehicle,Telangana,150000
L01242,2024-12-09,1000000,13.85,36,B,education,Karnataka,100000
L01243,2024-06-21,200000,14.13,12,B,consumer_durable,Tamil Nadu,25000
L01244,2024-05-20,300000,26.17,36,E,consumer_durable,Maharashtra,25000
L01245,2024-03-12,500000,10.86,24,A,personal,Telangana,150000
L01246,2024-02-01,150000,14.56,36,B,personal,Gujarat,35000
L01247,2024-09-03,500000,14.8,48,B,business,Kerala,35000
L01248,2024-12-20,100000,14.12,12,B,education,West Bengal,150000
L01249,2024-04-07,500000,17.63,12,C,consumer_durable,Andhra Pradesh,25000
L01250,2024-08-06,750000,25.24,36,E,education,West Bengal,35000
L01251,2024-10-01,300000,13.04,48,B,business,Tamil Nadu,75000
L01252,2024-01-03,50000,10.67,48,A,personal,West Bengal,150000
L01253,2024-07-03,500000,14.51,36,B,consumer_durable,Kerala,25000
L01254,2024-11-04,1000000,13.99,36,B,education,Karnataka,25000
L01255,2024-06-28,50000,10.28,48,A,vehicle,Tamil Nadu,25000
L01256,2024-09-01,500000,11.63,12,A,business,Maharashtra,25000
L01257,2024-06-23,300000,10.15,48,A,business,Tamil Nadu,35000
L01258,2024-03-25,100000,16.25,48,C,consumer_durable,Karnataka,100000
L01259,2024-05-11,1000000,14.32,48,B,vehicle,Karnataka,50000
L01260,2024-04-22,100000,16.71,24,C,personal,Karnataka,75000
L01261,2024-08-27,50000,11.34,48,A,vehicle,Andhra Pradesh,25000
L01262,2024-05-23,500000,14.52,48,B,vehicle,Rajasthan,25000
L01263,2024-07-15,200000,21.83,24,D,consumer_durable,Telangana,25000
L01264,2024-10-21,150000,11.37,12,A,vehicle,Andhra Pradesh,25000
L01265,2024-08-06,200000,16.03,36,C,personal,Andhra Pradesh,150000
L01266,2024-09-03,500000,13.53,36,B,consumer_durable,Telangana,35000
L01267,2024-01-15,750000,14.02,36,B,business,Karnataka,25000
L01268,2024-04-13,750000,16.39,24,C,education,Delhi,100000
L01269,2024-01-21,750000,16.22,24,C,personal,Telangana,25000
L01270,2024-04-03,50000,11.15,12,A,business,Telangana,100000
L01271,2024-02-08,750000,16.78,36,C,consumer_durable,Telangana,35000
L01272,2024-12-20,500000,17.27,36,C,personal,Karnataka,35000
L01273,2024-12-08,1000000,14.48,24,B,business,Karnataka,35000
L01274,2024-01-22,1000000,10.28,48,A,consumer_durable,Gujarat,25000
L01275,2024-03-22,300000,11.76,12,A,education,Gujarat,75000
L01276,2024-08-04,1000000,17.75,12,C,personal,Kerala,150000
L01277,2024-03-25,200000,26.05,24,E,personal,Karnataka,50000
L01278,2024-12-12,500000,20.91,36,D,consumer_durable,Delhi,50000
L01279,2024-06-17,500000,13.6,48,B,personal,Delhi,150000
L01280,2024-07-28,50000,13.3,24,B,vehicle,Gujarat,75000
L01281,2024-12-03,750000,10.72,24,A,consumer_durable,Karnataka,50000
L01282,2024-09-06,1000000,21.97,36,D,business,Gujarat,75000
L01283,2024-01-19,300000,16.62,36,C,education,Karnataka,75000
L01284,2024-01-16,500000,16.58,24,C,consumer_durable,Tamil Nadu,100000
L01285,2024-05-03,150000,25.61,36,E,personal,Andhra Pradesh,25000
L01286,2024-05-01,100000,10.11,48,A,business,Maharashtra,25000
L01287,2024-09-22,500000,11.76,24,A,personal,Delhi,35000
L01288,2024-02-10,200000,25.86,24,E,personal,Andhra Pradesh,50000
L01289,2024-02-09,750000,10.85,36,A,education,Delhi,35000
L01290,2024-03-22,500000,14.61,24,B,business,Tamil Nadu,75000
L01291,2024-05-19,300000,13.61,48,B,education,Tamil Nadu,75000
L01292,2024-09-15,750000,16.19,36,C,education,Gujarat,75000
L01293,2024-07-15,1000000,13.84,12,B,education,Maharashtra,75000
L01294,2024-05-26,150000,11.23,24,A,education,Rajasthan,50000
L01295,2024-07-05,300000,10.11,48,A,personal,Andhra Pradesh,100000
L01296,2024-05-27,50000,13.17,12,B,business,Kerala,25000
L01297,2024-01-04,1000000,21.38,12,D,vehicle,Rajasthan,35000
L01298,2024-11-21,1000000,13.27,24,B,business,Delhi,150000
L01299,2024-10-23,50000,26.61,24,E,personal,Karnataka,25000
L01300,2024-04-07,100000,11.04,12,A,consumer_durable,Maharashtra,100000
L01301,2024-05-13,50000,14.85,48,B,vehicle,Telangana,100000
L01302,2024-10-04,1000000,11.72,48,A,vehicle,Maharashtra,35000
L01303,2024-12-23,200000,10.34,24,A,consumer_durable,Andhra Pradesh,50000
L01304,2024-08-12,100000,11.92,36,A,consumer_durable,West Bengal,150000
L01305,2024-07-05,1000000,16.83,12,C,business,Andhra Pradesh,25000
L01306,2024-01-21,50000,14.16,48,B,personal,Gujarat,35000
L01307,2024-03-12,1000000,13.55,24,B,business,Rajasthan,75000
L01308,2024-06-21,150000,14.31,36,B,consumer_durable,Tamil Nadu,50000
L01309,2024-02-27,300000,17.85,48,C,consumer_durable,Andhra Pradesh,100000
L01310,2024-06-19,300000,16.26,36,C,education,Kerala,75000
L01311,2024-03-08,50000,11.7,12,A,personal,Andhra Pradesh,150000
L01312,2024-12-26,200000,14.96,24,B,personal,Tamil Nadu,150000
L01313,2024-01-20,750000,21.84,36,D,personal,Maharashtra,150000
L01314,2024-01-06,500000,11.21,36,A,personal,Andhra Pradesh,75000
L01315,2024-08-15,200000,10.39,36,A,vehicle,Telangana,150000
L01316,2024-01-21,200000,10.17,12,A,vehicle,Maharashtra,35000
L01317,2024-10-18,500000,21.55,12,D,business,Tamil Nadu,150000
L01318,2024-04-19,1000000,16.38,48,C,education,Gujarat,50000
L01319,2024-08-14,150000,17.6,48,C,personal,Kerala,25000
L01320,2024-08-08,300000,10.2,12,A,education,Rajasthan,50000
L01321,2024-05-13,300000,11.84,36,A,personal,Tamil Nadu,50000
L01322,2024-10-17,200000,11.71,36,A,consumer_durable,Kerala,25000
L01323,2024-05-21,100000,14.17,12,B,personal,Gujarat,75000
L01324,2024-01-05,500000,11.78,24,A,education,Gujarat,150000
L01325,2024-02-26,50000,20.47,12,D,business,Karnataka,75000
L01326,2024-08-05,100000,17.78,36,C,personal,Karnataka,25000
L01327,2024-07-16,200000,14.3,36,B,vehicle,Maharashtra,25000
L01328,2024-07-22,200000,11.07,12,A,education,Andhra Pradesh,25000
L01329,2024-07-23,750000,14.39,48,B,education,Tamil Nadu,25000
L01330,2024-06-14,500000,13.7,12,B,vehicle,Telangana,25000
L01331,2024-09-19,200000,16.83,12,C,personal,Telangana,25000
L01332,2024-05-02,150000,10.88,36,A,business,Kerala,150000
L01333,2024-07-16,300000,20.26,12,D,personal,Karnataka,50000
L01334,2024-12-27,200000,25.99,36,E,vehicle,Andhra Pradesh,150000
L01335,2024-05-28,500000,14.56,24,B,education,Delhi,50000
L01336,2024-07-23,100000,16.11,48,C,business,Karnataka,35000
L01337,2024-09-07,200000,20.61,12,D,business,Tamil Nadu,25000
L01338,2024-08-04,1000000,26.3,12,E,consumer_durable,Maharashtra,50000
L01339,2024-02-02,750000,10.6,36,A,education,West Bengal,75000
L01340,2024-01-08,750000,10.77,24,A,consumer_durable,Tamil Nadu,150000
L01341,2024-01-18,50000,14.32,36,B,personal,Kerala,50000
L01342,2024-10-07,300000,21.62,12,D,business,Kerala,75000
L01343,2024-09-13,50000,21.61,36,D,education,Andhra Pradesh,75000
L01344,2024-07-15,300000,13.33,24,B,vehicle,Maharashtra,50000
L01345,2024-04-25,300000,16.17,36,C,business,Kerala,75000
L01346,2024-11-09,300000,10.72,12,A,personal,Delhi,100000
L01347,2024-08-15,300000,17.7,12,C,consumer_durable,Maharashtra,75000
L01348,2024-09-07,500000,10.96,48,A,personal,Kerala,25000
L01349,2024-08-06,500000,11.91,36,A,business,Delhi,75000
L01350,2024-10-21,150000,10.29,12,A,vehicle,Karnataka,150000
L01351,2024-01-18,1000000,11.16,24,A,personal,Delhi,50000
L01352,2024-01-20,500000,11.08,24,A,business,Karnataka,25000
L01353,2024-04-07,100000,14.02,36,B,education,Gujarat,150000
L01354,2024-03-01,750000,14.75,36,B,education,Gujarat,50000
L01355,2024-05-20,500000,25.94,12,E,vehicle,Gujarat,25000
L01356,2024-01-04,150000,11.82,24,A,business,Rajasthan,150000
L01357,2024-07-27,500000,17.88,12,C,vehicle,West Bengal,150000
L01358,2024-04-19,100000,11.92,48,A,education,Karnataka,100000
L01359,2024-09-15,1000000,17.32,36,C,business,Telangana,100000
L01360,2024-06-08,200000,10.66,48,A,business,Karnataka,150000
L01361,2024-06-18,750000,10.72,12,A,business,Andhra Pradesh,100000
L01362,2024-03-18,750000,10.46,24,A,consumer_durable,Kerala,150000
L01363,2024-06-11,300000,11.59,12,A,personal,West Bengal,75000
L01364,2024-11-25,150000,14.15,24,B,vehicle,Andhra Pradesh,25000
L01365,2024-09-23,750000,10.53,48,A,personal,Tamil Nadu,25000
L01366,2024-02-05,50000,21.38,48,D,consumer_durable,Gujarat,35000
L01367,2024-02-11,200000,14.42,36,B,education,Kerala,100000
L01368,2024-06-15,50000,10.15,48,A,consumer_durable,West Bengal,50000
L01369,2024-12-25,150000,17.47,12,C,vehicle,Maharashtra,100000
L01370,2024-08-06,1000000,16.76,36,C,personal,Telangana,50000
L01371,2024-09-19,50000,14.13,48,B,business,Gujarat,75000
L01372,2024-01-27,150000,14.91,24,B,consumer_durable,Rajasthan,50000
L01373,2024-05-06,500000,13.2,12,B,business,Delhi,75000
L01374,2024-05-20,150000,13.58,12,B,vehicle,Delhi,35000
L01375,2024-01-18,150000,10.05,24,A,personal,Andhra Pradesh,25000
L01376,2024-10-14,300000,14.88,48,B,education,Tamil Nadu,75000
L01377,2024-02-15,100000,11.43,48,A,consumer_durable,Delhi,25000
L01378,2024-02-12,300000,21.46,12,D,vehicle,Karnataka,50000
L01379,2024-11-24,500000,10.55,12,A,business,Maharashtra,75000
L01380,2024-09-22,500000,10.38,12,A,personal,Telangana,35000
L01381,2024-05-16,200000,17.35,24,C,consumer_durable,Tamil Nadu,150000
L01382,2024-02-17,150000,13.4,24,B,personal,West Bengal,25000
L01383,2024-01-14,200000,14.42,36,B,education,West Bengal,150000
L01384,2024-11-06,500000,16.97,36,C,vehicle,Delhi,150000
L01385,2024-09-16,750000,14.2,36,B,personal,Telangana,25000
L01386,2024-08-11,300000,25.84,24,E,consumer_durable,Karnataka,35000
L01387,2024-06-23,500000,14.32,48,B,vehicle,Andhra Pradesh,75000
L01388,2024-05-17,200000,16.06,24,C,consumer_durable,Maharashtra,100000
L01389,2024-07-13,300000,17.35,48,C,consumer_durable,West Bengal,50000
L01390,2024-04-11,300000,20.97,12,D,business,Andhra Pradesh,75000
L01391,2024-11-04,150000,11.07,36,A,vehicle,Kerala,100000
L01392,2024-02-25,50000,11.6,36,A,business,Rajasthan,25000
L01393,2024-04-06,200000,16.72,48,C,vehicle,Delhi,35000
L01394,2024-09-24,500000,20.83,24,D,personal,Maharashtra,25000
L01395,2024-08-02,100000,17.0,24,C,business,Delhi,25000
L01396,2024-12-04,200000,10.07,48,A,consumer_durable,Tamil Nadu,150000
L01397,2024-09-24,100000,20.15,48,D,personal,Maharashtra,150000
L01398,2024-10-26,150000,20.19,48,D,vehicle,Kerala,50000
L01399,2024-01-10,750000,17.02,36,C,consumer_durable,Telangana,25000
L01400,2024-07-03,1000000,10.75,24,A,consumer_durable,Rajasthan,50000
L01401,2024-08-24,200000,13.76,48,B,business,Rajasthan,150000
L01402,2024-01-13,200000,11.16,24,A,consumer_durable,Gujarat,75000
L01403,2024-11-03,300000,13.66,12,B,education,Tamil Nadu,35000
L01404,2024-02-05,1000000,21.19,48,D,education,Andhra Pradesh,100000
L01405,2024-08-09,200000,16.12,48,C,business,Gujarat,35000
L01406,2024-05-23,750000,11.74,24,A,education,Andhra Pradesh,100000
L01407,2024-12-16,200000,13.64,12,B,personal,West Bengal,150000
L01408,2024-03-17,150000,11.51,12,A,vehicle,Telangana,75000
L01409,2024-07-16,100000,20.08,24,D,education,Andhra Pradesh,35000
L01410,2024-05-04,750000,16.8,48,C,business,Delhi,100000
L01411,2024-03-05,500000,14.13,36,B,education,Telangana,100000
L01412,2024-05-16,500000,26.04,48,E,vehicle,Gujarat,150000
L01413,2024-12-27,150000,16.33,48,C,personal,Gujarat,75000
L01414,2024-01-10,1000000,10.13,24,A,vehicle,Karnataka,100000
L01415,2024-08-20,100000,13.12,24,B,personal,Gujarat,150000
L01416,2024-01-07,200000,13.69,36,B,business,West Bengal,100000
L01417,2024-07-09,500000,17.25,24,C,personal,Kerala,35000
L01418,2024-05-19,200000,10.56,12,A,vehicle,Rajasthan,100000
L01419,2024-10-20,750000,16.66,36,C,education,Andhra Pradesh,35000
L01420,2024-02-26,200000,11.98,24,A,vehicle,Tamil Nadu,75000
L01421,2024-01-05,500000,20.16,48,D,consumer_durable,Andhra Pradesh,50000
L01422,2024-07-13,100000,13.48,48,B,consumer_durable,Gujarat,50000
L01423,2024-10-27,500000,21.06,24,D,vehicle,Delhi,150000
L01424,2024-08-23,750000,11.12,36,A,personal,Rajasthan,75000
L01425,2024-06-28,150000,16.05,48,C,business,West Bengal,35000
L01426,2024-03-24,200000,16.76,12,C,vehicle,Andhra Pradesh,50000
L01427,2024-06-04,50000,14.17,36,B,business,Rajasthan,25000
L01428,2024-11-16,50000,17.29,48,C,personal,Delhi,50000
L01429,2024-08-20,50000,17.73,48,C,consumer_durable,Tamil Nadu,75000
L01430,2024-01-20,100000,16.08,24,C,vehicle,Tamil Nadu,25000
L01431,2024-11-23,100000,13.11,12,B,business,Karnataka,100000
L01432,2024-12-01,200000,11.31,36,A,business,Tamil Nadu,100000
L01433,2024-11-13,500000,17.03,48,C,personal,Karnataka,35000
L01434,2024-02-06,150000,21.46,48,D,personal,Delhi,100000
L01435,2024-12-27,750000,10.35,12,A,business,Delhi,100000
L01436,2024-12-03,500000,13.93,48,B,personal,Karnataka,25000
L01437,2024-10-21,100000,10.37,12,A,vehicle,Maharashtra,35000
L01438,2024-12-08,1000000,16.16,36,C,vehicle,Tamil Nadu,50000
L01439,2024-03-19,300000,10.36,36,A,consumer_durable,Telangana,35000
L01440,2024-05-09,200000,10.35,48,A,business,Karnataka,75000
L01441,2024-11-17,500000,13.7,48,B,vehicle,Maharashtra,100000
L01442,2024-07-12,200000,14.99,36,B,vehicle,Gujarat,150000
L01443,2024-04-09,300000,25.18,24,E,consumer_durable,Delhi,25000
L01444,2024-08-19,150000,20.95,36,D,business,Kerala,75000
L01445,2024-02-21,50000,16.64,36,C,personal,Tamil Nadu,75000
L01446,2024-02-06,500000,14.3,36,B,business,Tamil Nadu,75000
L01447,2024-10-15,50000,13.88,48,B,consumer_durable,Andhra Pradesh,35000
L01448,2024-08-22,500000,11.2,48,A,business,Maharashtra,35000
L01449,2024-05-19,100000,16.84,48,C,education,Maharashtra,35000
L01450,2024-12-17,300000,14.77,24,B,education,Tamil Nadu,35000
L01451,2024-05-26,50000,17.94,24,C,business,Andhra Pradesh,75000
L01452,2024-04-06,50000,11.32,36,A,business,Karnataka,35000
L01453,2024-12-08,200000,10.87,24,A,education,Gujarat,25000
L01454,2024-09-22,500000,13.2,48,B,vehicle,Andhra Pradesh,150000
L01455,2024-02-13,1000000,14.41,24,B,business,Tamil Nadu,75000
L01456,2024-12-28,300000,17.64,48,C,education,West Bengal,100000
L01457,2024-10-01,1000000,11.34,24,A,education,Tamil Nadu,35000
L01458,2024-01-20,500000,14.0,48,B,personal,Telangana,35000
L01459,2024-07-03,50000,13.42,36,B,consumer_durable,Tamil Nadu,75000
L01460,2024-08-02,300000,10.77,36,A,consumer_durable,Tamil Nadu,35000
L01461,2024-02-12,100000,13.93,12,B,consumer_durable,Maharashtra,35000
L01462,2024-01-16,750000,14.37,48,B,consumer_durable,Maharashtra,50000
L01463,2024-08-17,100000,14.21,36,B,consumer_durable,Gujarat,100000
L01464,2024-07-18,100000,26.57,48,E,personal,Tamil Nadu,25000
L01465,2024-10-24,300000,13.4,48,B,consumer_durable,Maharashtra,75000
L01466,2024-08-12,100000,11.74,12,A,education,Gujarat,50000
L01467,2024-01-18,300000,14.53,36,B,vehicle,Delhi,50000
L01468,2024-11-02,1000000,13.65,12,B,business,Maharashtra,100000
L01469,2024-09-04,200000,16.35,24,C,vehicle,Andhra Pradesh,75000
L01470,2024-12-20,500000,21.94,24,D,education,Kerala,75000
L01471,2024-03-20,500000,10.75,12,A,consumer_durable,Rajasthan,150000
L01472,2024-01-06,300000,10.85,36,A,personal,West Bengal,25000
L01473,2024-10-17,300000,17.99,24,C,personal,Gujarat,100000
L01474,2024-12-25,750000,13.55,24,B,business,Rajasthan,150000
L01475,2024-11-10,750000,11.82,36,A,personal,West Bengal,35000
L01476,2024-05-09,750000,11.31,48,A,education,Gujarat,25000
L01477,2024-04-03,50000,11.42,36,A,education,Andhra Pradesh,100000
L01478,2024-08-18,500000,14.08,12,B,business,Gujarat,50000
L01479,2024-12-16,1000000,13.3,24,B,education,Tamil Nadu,150000
L01480,2024-10-03,750000,13.06,48,B,education,Gujarat,25000
L01481,2024-06-15,500000,10.61,48,A,personal,Tamil Nadu,100000
L01482,2024-07-25,500000,17.13,12,C,business,Rajasthan,150000
L01483,2024-09-05,200000,13.75,48,B,education,Karnataka,25000
L01484,2024-10-10,200000,14.98,24,B,vehicle,West Bengal,100000
L01485,2024-10-09,200000,13.84,36,B,business,Karnataka,150000
L01486,2024-09-13,500000,21.0,24,D,consumer_durable,Andhra Pradesh,75000
L01487,2024-03-13,1000000,10.31,36,A,personal,Rajasthan,50000
L01488,2024-02-13,150000,17.37,48,C,consumer_durable,West Bengal,35000
L01489,2024-10-17,200000,16.28,12,C,education,Kerala,150000
L01490,2024-04-06,50000,13.65,48,B,personal,Gujarat,25000
L01491,2024-04-28,750000,17.1,24,C,consumer_durable,Gujarat,150000
L01492,2024-12-07,150000,20.94,36,D,vehicle,Delhi,25000
L01493,2024-08-08,200000,21.16,48,D,vehicle,Tamil Nadu,75000
L01494,2024-06-28,100000,14.61,24,B,vehicle,Andhra Pradesh,150000
L01495,2024-11-22,50000,26.5,48,E,education,Andhra Pradesh,75000
L01496,2024-12-18,750000,11.92,12,A,education,Rajasthan,150000
L01497,2024-01-10,1000000,11.66,48,A,personal,Gujarat,75000
L01498,2024-02-04,1000000,16.86,24,C,business,Kerala,25000
L01499,2024-06-05,500000,16.83,24,C,consumer_durable,Telangana,50000
L01500,2024-12-16,100000,10.92,24,A,business,Gujarat,50000
L01501,2024-12-09,500000,17.57,36,C,education,Maharashtra,35000
L01502,2024-06-19,300000,10.05,36,A,business,Delhi,150000
L01503,2024-08-22,300000,10.95,36,A,vehicle,Tamil Nadu,35000
L01504,2024-04-01,750000,16.51,24,C,education,Delhi,35000
L01505,2024-09-24,300000,16.73,48,C,consumer_durable,Kerala,35000
L01506,2024-09-11,150000,26.17,36,E,consumer_durable,Andhra Pradesh,150000
L01507,2024-07-01,1000000,10.35,12,A,business,Telangana,50000
L01508,2024-12-26,150000,10.56,12,A,vehicle,Gujarat,75000
L01509,2024-09-08,50000,14.68,24,B,business,Maharashtra,75000
L01510,2024-05-18,500000,17.01,12,C,personal,Andhra Pradesh,100000
L01511,2024-12-06,200000,13.51,24,B,vehicle,Andhra Pradesh,35000
L01512,2024-02-24,300000,11.1,24,A,personal,Tamil Nadu,100000
L01513,2024-10-25,200000,13.46,48,B,consumer_durable,Karnataka,100000
L01514,2024-11-03,50000,20.64,24,D,consumer_durable,Karnataka,75000
L01515,2024-10-07,200000,10.2,48,A,business,Kerala,25000
L01516,2024-08-25,100000,17.44,24,C,education,Kerala,75000
L01517,2024-10-09,300000,26.51,48,E,vehicle,Gujarat,100000
L01518,2024-05-09,300000,14.9,24,B,business,Delhi,150000
L01519,2024-02-25,300000,14.25,24,B,consumer_durable,Maharashtra,50000
L01520,2024-03-03,1000000,20.99,48,D,business,Karnataka,75000
L01521,2024-02-25,150000,13.39,24,B,vehicle,Delhi,100000
L01522,2024-05-20,1000000,13.21,24,B,education,Tamil Nadu,50000
L01523,2024-03-20,750000,11.57,24,A,business,Rajasthan,75000
L01524,2024-05-08,750000,17.56,36,C,consumer_durable,Delhi,50000
L01525,2024-12-11,500000,11.45,48,A,business,West Bengal,100000
L01526,2024-07-02,750000,13.01,48,B,business,Tamil Nadu,75000
L01527,2024-04-07,50000,17.64,36,C,business,Gujarat,25000
L01528,2024-09-24,750000,13.65,24,B,vehicle,Kerala,100000
L01529,2024-04-06,300000,13.21,36,B,consumer_durable,Kerala,75000
L01530,2024-07-23,50000,26.56,48,E,vehicle,Delhi,100000
L01531,2024-11-11,50000,16.2,36,C,education,Gujarat,75000
L01532,2024-12-03,100000,20.94,36,D,consumer_durable,Tamil Nadu,35000
L01533,2024-08-08,200000,17.12,36,C,education,Rajasthan,150000
L01534,2024-03-25,300000,11.38,12,A,business,Gujarat,75000
L01535,2024-08-08,200000,16.37,48,C,business,Gujarat,35000
L01536,2024-12-01,300000,16.51,24,C,personal,West Bengal,75000
L01537,2024-09-02,1000000,14.6,36,B,personal,Kerala,75000
L01538,2024-08-10,500000,26.58,36,E,personal,Karnataka,100000
L01539,2024-09-28,100000,11.06,12,A,education,Andhra Pradesh,100000
L01540,2024-11-14,200000,17.5,36,C,consumer_durable,Andhra Pradesh,150000
L01541,2024-11-19,500000,10.15,36,A,consumer_durable,Rajasthan,150000
L01542,2024-07-19,750000,17.78,36,C,personal,Kerala,75000
L01543,2024-03-09,200000,10.64,24,A,education,Gujarat,100000
L01544,2024-10-12,200000,14.54,24,B,vehicle,Tamil Nadu,35000
L01545,2024-10-28,100000,13.05,12,B,vehicle,Rajasthan,50000
L01546,2024-04-22,500000,26.74,24,E,vehicle,Delhi,35000
L01547,2024-04-25,300000,13.47,36,B,personal,Tamil Nadu,75000
L01548,2024-12-28,750000,10.05,24,A,consumer_durable,Maharashtra,75000
L01549,2024-07-19,200000,13.41,12,B,personal,Tamil Nadu,100000
L01550,2024-04-04,100000,20.33,48,D,education,Gujarat,150000
L01551,2024-02-26,750000,25.38,36,E,consumer_durable,Delhi,100000
L01552,2024-07-26,1000000,10.03,48,A,consumer_durable,Karnataka,50000
L01553,2024-07-28,300000,14.67,36,B,vehicle,Karnataka,150000
L01554,2024-01-09,750000,17.75,36,C,personal,Tamil Nadu,35000
L01555,2024-03-05,50000,10.26,48,A,personal,Maharashtra,100000
L01556,2024-07-27,300000,20.74,24,D,consumer_durable,Tamil Nadu,35000
L01557,2024-11-06,150000,26.48,36,E,personal,Tamil Nadu,25000
L01558,2024-06-27,300000,13.81,36,B,education,Gujarat,25000
L01559,2024-08-02,500000,16.06,24,C,consumer_durable,Maharashtra,100000
L01560,2024-01-12,150000,13.32,24,B,personal,West Bengal,25000
L01561,2024-07-28,1000000,10.93,48,A,vehicle,Kerala,150000
L01562,2024-05-05,1000000,10.94,36,A,education,Gujarat,100000
L01563,2024-12-27,100000,16.96,24,C,vehicle,Telangana,100000
L01564,2024-02-24,150000,10.45,12,A,consumer_durable,Delhi,100000
L01565,2024-12-22,200000,10.5,36,A,business,Andhra Pradesh,150000
L01566,2024-03-11,300000,17.52,48,C,business,Tamil Nadu,100000
L01567,2024-07-21,50000,17.5,12,C,vehicle,Tamil Nadu,25000
L01568,2024-04-06,50000,11.67,48,A,business,Maharashtra,100000
L01569,2024-10-13,500000,13.38,48,B,vehicle,Andhra Pradesh,100000
L01570,2024-05-21,1000000,10.24,36,A,business,Tamil Nadu,50000
L01571,2024-08-22,1000000,14.54,12,B,business,Rajasthan,50000
L01572,2024-01-18,500000,10.85,24,A,personal,Telangana,75000
L01573,2024-05-05,100000,21.1,36,D,business,Andhra Pradesh,75000
L01574,2024-09-06,100000,14.93,48,B,education,Telangana,35000
L01575,2024-04-24,200000,21.55,36,D,education,Kerala,35000
L01576,2024-06-18,50000,14.6,24,B,education,Tamil Nadu,50000
L01577,2024-10-08,150000,11.27,24,A,education,Kerala,75000
L01578,2024-07-10,300000,20.1,48,D,education,West Bengal,75000
L01579,2024-05-01,150000,14.44,12,B,business,Rajasthan,150000
L01580,2024-07-05,100000,13.12,24,B,consumer_durable,Tamil Nadu,35000
L01581,2024-07-19,150000,14.29,24,B,vehicle,Gujarat,25000
L01582,2024-07-04,300000,10.28,24,A,vehicle,Andhra Pradesh,35000
L01583,2024-02-17,500000,16.02,36,C,education,Karnataka,150000
L01584,2024-05-27,200000,17.32,12,C,education,Kerala,75000
L01585,2024-01-13,500000,11.75,36,A,personal,Andhra Pradesh,75000
L01586,2024-04-17,1000000,17.52,12,C,personal,Kerala,100000
L01587,2024-11-16,200000,21.74,48,D,consumer_durable,Maharashtra,150000
L01588,2024-12-09,300000,11.68,36,A,education,Gujarat,75000
L01589,2024-02-01,300000,17.97,12,C,consumer_durable,Telangana,100000
L01590,2024-02-25,750000,14.33,48,B,education,Kerala,100000
L01591,2024-02-19,750000,13.08,12,B,education,Karnataka,25000
L01592,2024-11-23,200000,25.72,48,E,consumer_durable,Maharashtra,50000
L01593,2024-10-28,1000000,17.7,12,C,consumer_durable,West Bengal,150000
L01594,2024-01-21,200000,21.13,36,D,personal,Delhi,75000
L01595,2024-05-12,1000000,21.7,36,D,business,Telangana,50000
L01596,2024-12-21,50000,13.65,36,B,vehicle,Telangana,100000
L01597,2024-06-25,500000,17.48,24,C,consumer_durable,Karnataka,50000
L01598,2024-05-04,200000,13.63,12,B,consumer_durable,Gujarat,100000
L01599,2024-04-09,150000,14.51,48,B,business,Gujarat,75000
L01600,2024-06-01,150000,21.92,12,D,vehicle,Kerala,50000
L01601,2024-09-06,300000,21.51,48,D,education,Karnataka,35000
L01602,2024-03-23,750000,11.7,36,A,education,Gujarat,75000
L01603,2024-12-27,750000,10.21,36,A,education,Kerala,25000
L01604,2024-01-08,200000,13.89,24,B,business,Maharashtra,75000
L01605,2024-04-15,200000,10.49,24,A,vehicle,Maharashtra,50000
L01606,2024-08-27,50000,11.72,48,A,consumer_durable,Rajasthan,100000
L01607,2024-09-19,200000,25.82,48,E,education,West Bengal,150000
L01608,2024-05-14,500000,11.61,36,A,business,Telangana,50000
L01609,2024-03-11,100000,14.92,24,B,education,Kerala,35000
L01610,2024-02-26,1000000,11.07,24,A,business,Rajasthan,35000
L01611,2024-08-16,50000,13.92,48,B,personal,Tamil Nadu,25000
L01612,2024-08-28,50000,14.79,24,B,personal,Gujarat,25000
L01613,2024-12-01,300000,26.14,48,E,consumer_durable,Tamil Nadu,75000
L01614,2024-12-22,1000000,10.62,36,A,business,Telangana,100000
L01615,2024-09-22,750000,16.29,36,C,personal,Kerala,25000
L01616,2024-02-20,500000,17.17,12,C,education,West Bengal,150000
L01617,2024-10-25,200000,10.5,24,A,vehicle,Maharashtra,150000
L01618,2024-02-13,100000,20.66,48,D,consumer_durable,West Bengal,150000
L01619,2024-05-12,500000,13.37,24,B,consumer_durable,Delhi,75000
L01620,2024-04-12,300000,10.8,12,A,business,Andhra Pradesh,25000
L01621,2024-01-18,50000,14.76,12,B,business,Karnataka,35000
L01622,2024-07-10,50000,10.01,12,A,education,Kerala,50000
L01623,2024-10-16,150000,20.38,24,D,education,Telangana,50000
L01624,2024-10-06,150000,11.2,48,A,vehicle,Rajasthan,35000
L01625,2024-01-18,1000000,20.06,12,D,business,Delhi,25000
L01626,2024-03-04,150000,14.18,48,B,vehicle,Kerala,35000
L01627,2024-11-18,500000,26.88,48,E,consumer_durable,Karnataka,150000
L01628,2024-03-08,500000,13.49,48,B,vehicle,West Bengal,25000
L01629,2024-11-23,1000000,14.62,12,B,education,Karnataka,150000
L01630,2024-11-07,750000,17.51,36,C,business,Tamil Nadu,75000
L01631,2024-07-13,300000,17.89,48,C,consumer_durable,Karnataka,75000
L01632,2024-08-20,100000,10.64,48,A,business,Andhra Pradesh,50000
L01633,2024-01-07,50000,17.06,12,C,business,Kerala,150000
L01634,2024-12-02,150000,21.28,12,D,personal,Delhi,75000
L01635,2024-11-28,50000,11.65,48,A,education,Rajasthan,35000
L01636,2024-02-15,50000,14.82,24,B,vehicle,Gujarat,25000
L01637,2024-11-20,1000000,16.41,12,C,personal,West Bengal,35000
L01638,2024-01-08,100000,21.85,36,D,vehicle,West Bengal,35000
L01639,2024-03-20,750000,13.09,24,B,education,Delhi,75000
L01640,2024-11-24,300000,16.41,36,C,consumer_durable,Maharashtra,75000
L01641,2024-04-27,750000,20.56,48,D,business,Kerala,25000
L01642,2024-08-05,750000,16.08,24,C,personal,Karnataka,25000
L01643,2024-09-11,1000000,10.13,24,A,business,West Bengal,50000
L01644,2024-05-04,300000,14.71,12,B,consumer_durable,Telangana,25000
L01645,2024-09-02,1000000,13.4,48,B,consumer_durable,Karnataka,25000
L01646,2024-12-26,750000,10.37,12,A,vehicle,West Bengal,100000
L01647,2024-01-22,150000,13.88,24,B,vehicle,Gujarat,25000
L01648,2024-05-06,150000,13.68,36,B,consumer_durable,Telangana,150000
L01649,2024-05-17,750000,10.31,12,A,vehicle,Tamil Nadu,150000
L01650,2024-08-03,1000000,10.05,24,A,education,Rajasthan,50000
L01651,2024-06-02,150000,14.09,12,B,personal,West Bengal,100000
L01652,2024-06-12,150000,14.45,12,B,vehicle,Karnataka,150000
L01653,2024-01-27,750000,10.01,48,A,education,Karnataka,35000
L01654,2024-02-01,50000,17.13,48,C,education,West Bengal,50000
L01655,2024-12-08,750000,16.9,48,C,education,Delhi,50000
L01656,2024-03-15,1000000,25.96,36,E,vehicle,Tamil Nadu,50000
L01657,2024-07-09,150000,17.93,24,C,business,Maharashtra,75000
L01658,2024-07-23,150000,20.09,24,D,consumer_durable,Tamil Nadu,150000
L01659,2024-07-15,750000,13.84,48,B,consumer_durable,West Bengal,75000
L01660,2024-03-24,500000,14.33,24,B,vehicle,Telangana,150000
L01661,2024-12-22,200000,11.9,36,A,consumer_durable,Rajasthan,75000
L01662,2024-03-16,300000,13.43,12,B,education,Andhra Pradesh,50000
L01663,2024-04-11,750000,20.1,24,D,consumer_durable,Rajasthan,75000
L01664,2024-04-13,1000000,10.05,24,A,business,Kerala,35000
L01665,2024-06-15,200000,16.3,24,C,vehicle,Andhra Pradesh,50000
L01666,2024-02-03,50000,17.35,12,C,personal,Maharashtra,50000
L01667,2024-06-07,500000,21.86,24,D,vehicle,Delhi,25000
L01668,2024-08-16,500000,14.17,36,B,vehicle,Delhi,50000
L01669,2024-03-06,150000,11.8,48,A,personal,Rajasthan,100000
L01670,2024-05-23,1000000,14.4,24,B,personal,Tamil Nadu,75000
L01671,2024-07-16,50000,10.27,48,A,consumer_durable,Tamil Nadu,25000
L01672,2024-10-19,500000,17.86,24,C,consumer_durable,Maharashtra,75000
L01673,2024-02-12,500000,26.77,12,E,vehicle,Tamil Nadu,100000
L01674,2024-02-26,750000,14.83,24,B,business,Delhi,150000
L01675,2024-08-01,100000,16.71,48,C,vehicle,Gujarat,50000
L01676,2024-01-16,300000,11.96,36,A,vehicle,Maharashtra,150000
L01677,2024-07-11,300000,10.53,12,A,business,Andhra Pradesh,150000
L01678,2024-10-01,50000,10.26,12,A,business,West Bengal,35000
L01679,2024-12-22,750000,20.78,36,D,consumer_durable,Gujarat,50000
L01680,2024-06-05,750000,20.81,36,D,business,Rajasthan,35000
L01681,2024-08-22,300000,13.17,12,B,business,Rajasthan,25000
L01682,2024-02-08,150000,11.61,12,A,vehicle,Gujarat,25000
L01683,2024-02-01,200000,11.56,12,A,business,Kerala,25000
L01684,2024-06-26,1000000,11.26,12,A,education,Karnataka,25000
L01685,2024-02-06,200000,17.84,12,C,personal,Maharashtra,75000
L01686,2024-12-03,200000,16.42,48,C,business,Rajasthan,35000
L01687,2024-08-20,200000,14.42,24,B,consumer_durable,Delhi,150000
L01688,2024-09-01,50000,16.89,12,C,vehicle,Telangana,50000
L01689,2024-12-25,200000,11.4,12,A,vehicle,Tamil Nadu,50000
L01690,2024-11-27,200000,16.32,36,C,education,West Bengal,100000
L01691,2024-06-24,200000,16.85,24,C,education,Maharashtra,150000
L01692,2024-03-03,300000,20.56,12,D,personal,Andhra Pradesh,50000
L01693,2024-07-03,50000,21.24,48,D,personal,Karnataka,50000
L01694,2024-10-22,500000,17.4,12,C,education,Delhi,150000
L01695,2024-08-12,1000000,20.72,48,D,business,Andhra Pradesh,50000
L01696,2024-03-02,200000,13.46,36,B,consumer_durable,Andhra Pradesh,75000
L01697,2024-08-15,750000,13.93,24,B,vehicle,West Bengal,75000
L01698,2024-07-28,150000,26.58,24,E,consumer_durable,Gujarat,25000
L01699,2024-03-07,150000,13.3,12,B,personal,West Bengal,75000
L01700,2024-08-13,500000,10.4,24,A,business,Rajasthan,50000
L01701,2024-08-14,1000000,11.21,48,A,vehicle,Andhra Pradesh,150000
L01702,2024-06-23,100000,10.13,48,A,education,Delhi,35000
L01703,2024-07-16,1000000,11.61,12,A,business,Tamil Nadu,50000
L01704,2024-10-05,750000,17.22,36,C,business,Gujarat,150000
L01705,2024-08-03,500000,21.13,12,D,consumer_durable,Gujarat,75000
L01706,2024-06-21,500000,11.38,48,A,business,Rajasthan,50000
L01707,2024-03-11,500000,14.4,24,B,education,Kerala,35000
L01708,2024-08-01,200000,20.98,36,D,education,Karnataka,75000
L01709,2024-08-15,500000,16.16,36,C,personal,Andhra Pradesh,75000
L01710,2024-06-28,300000,17.42,12,C,consumer_durable,Telangana,35000
L01711,2024-10-16,500000,16.71,24,C,business,Gujarat,75000
L01712,2024-11-07,200000,26.65,12,E,business,Maharashtra,150000
L01713,2024-07-14,300000,20.5,12,D,business,Delhi,35000
L01714,2024-11-25,50000,10.06,48,A,personal,Gujarat,75000
L01715,2024-07-18,150000,16.89,24,C,education,Andhra Pradesh,50000
L01716,2024-04-23,300000,10.91,48,A,business,Tamil Nadu,100000
L01717,2024-06-18,50000,10.25,48,A,business,Tamil Nadu,50000
L01718,2024-11-14,750000,21.1,36,D,consumer_durable,Tamil Nadu,50000
L01719,2024-06-19,50000,17.29,12,C,education,Maharashtra,150000
L01720,2024-02-05,150000,16.99,24,C,personal,Rajasthan,35000
L01721,2024-06-12,200000,25.18,36,E,personal,West Bengal,50000
L01722,2024-01-17,1000000,16.8,48,C,consumer_durable,Tamil Nadu,100000
L01723,2024-02-25,200000,20.9,36,D,vehicle,Telangana,25000
L01724,2024-12-08,50000,16.1,48,C,personal,Maharashtra,35000
L01725,2024-03-17,150000,17.91,36,C,business,West Bengal,150000
L01726,2024-05-16,50000,17.02,12,C,consumer_durable,Rajasthan,25000
L01727,2024-10-16,50000,10.42,12,A,business,Karnataka,100000
L01728,2024-03-18,150000,20.79,12,D,education,Delhi,50000
L01729,2024-04-25,750000,13.32,36,B,business,Telangana,50000
L01730,2024-05-15,750000,20.24,12,D,consumer_durable,Kerala,150000
L01731,2024-02-02,750000,16.41,48,C,personal,Telangana,35000
L01732,2024-11-07,300000,17.67,36,C,business,Andhra Pradesh,25000
L01733,2024-05-07,200000,17.13,12,C,business,Maharashtra,35000
L01734,2024-12-13,500000,20.41,36,D,consumer_durable,West Bengal,100000
L01735,2024-10-10,1000000,16.96,24,C,personal,Kerala,25000
L01736,2024-01-09,50000,21.24,12,D,business,Andhra Pradesh,75000
L01737,2024-06-07,150000,16.19,24,C,consumer_durable,Gujarat,25000
L01738,2024-01-04,50000,10.59,36,A,vehicle,Delhi,75000
L01739,2024-11-24,200000,25.24,12,E,consumer_durable,Tamil Nadu,25000
L01740,2024-10-23,200000,10.91,36,A,business,Maharashtra,150000
L01741,2024-03-07,100000,14.46,12,B,consumer_durable,West Bengal,25000
L01742,2024-07-06,750000,11.66,12,A,education,Maharashtra,150000
L01743,2024-12-16,300000,11.42,24,A,business,Maharashtra,150000
L01744,2024-08-26,200000,10.47,12,A,personal,Kerala,75000
L01745,2024-12-28,1000000,14.58,12,B,business,Gujarat,25000
L01746,2024-09-06,1000000,17.64,36,C,business,Rajasthan,100000
L01747,2024-10-13,500000,10.81,36,A,consumer_durable,Gujarat,50000
L01748,2024-07-12,1000000,11.35,48,A,personal,Kerala,50000
L01749,2024-11-15,500000,21.85,48,D,education,Tamil Nadu,25000
L01750,2024-09-21,150000,14.2,24,B,education,Tamil Nadu,35000
L01751,2024-07-04,750000,20.16,12,D,education,Karnataka,100000
L01752,2024-11-23,150000,11.48,36,A,consumer_durable,Karnataka,50000
L01753,2024-07-17,500000,17.1,48,C,vehicle,Kerala,50000
L01754,2024-11-15,100000,16.45,24,C,vehicle,Maharashtra,100000
L01755,2024-02-23,1000000,16.29,36,C,vehicle,West Bengal,50000
L01756,2024-04-01,100000,21.9,12,D,personal,Delhi,25000
L01757,2024-08-04,100000,10.13,48,A,business,West Bengal,25000
L01758,2024-06-07,300000,16.69,36,C,consumer_durable,Kerala,100000
L01759,2024-01-16,50000,21.36,36,D,business,Maharashtra,50000
L01760,2024-02-14,750000,17.51,36,C,consumer_durable,Maharashtra,75000
L01761,2024-02-16,1000000,11.52,36,A,education,Karnataka,25000
L01762,2024-12-11,100000,10.91,24,A,education,Andhra Pradesh,25000
L01763,2024-07-04,1000000,13.43,12,B,vehicle,Kerala,150000
L01764,2024-03-15,1000000,16.14,36,C,education,West Bengal,100000
L01765,2024-02-23,50000,16.51,48,C,vehicle,Andhra Pradesh,50000
L01766,2024-06-14,50000,20.58,12,D,vehicle,Karnataka,35000
L01767,2024-12-26,200000,13.01,24,B,consumer_durable,Maharashtra,50000
L01768,2024-10-28,500000,11.73,48,A,vehicle,Andhra Pradesh,150000
L01769,2024-03-05,100000,25.2,12,E,consumer_durable,Andhra Pradesh,50000
L01770,2024-09-23,750000,16.04,36,C,education,Karnataka,75000
L01771,2024-12-14,300000,13.87,12,B,personal,Karnataka,50000
L01772,2024-09-08,500000,20.95,24,D,personal,Maharashtra,35000
L01773,2024-08-22,150000,11.33,36,A,education,Delhi,75000
L01774,2024-02-18,150000,11.16,12,A,vehicle,Telangana,35000
L01775,2024-01-17,750000,13.02,12,B,personal,Rajasthan,150000
L01776,2024-03-11,50000,10.61,24,A,consumer_durable,Telangana,35000
L01777,2024-02-06,1000000,16.96,48,C,education,Rajasthan,25000
L01778,2024-03-28,150000,11.72,12,A,consumer_durable,Rajasthan,25000
L01779,2024-07-27,200000,14.25,36,B,vehicle,Delhi,75000
L01780,2024-06-25,750000,10.09,48,A,personal,Telangana,150000
L01781,2024-10-27,500000,16.78,24,C,vehicle,Andhra Pradesh,100000
L01782,2024-11-06,750000,26.29,24,E,education,Rajasthan,50000
L01783,2024-01-14,100000,13.87,12,B,education,Karnataka,150000
L01784,2024-01-12,150000,21.55,36,D,consumer_durable,Delhi,75000
L01785,2024-09-20,500000,16.61,36,C,business,Andhra Pradesh,100000
L01786,2024-02-23,150000,13.94,48,B,business,Rajasthan,100000
L01787,2024-05-09,100000,16.5,36,C,education,Rajasthan,35000
L01788,2024-10-07,500000,14.81,36,B,business,Telangana,50000
L01789,2024-10-14,750000,13.56,24,B,education,Tamil Nadu,150000
L01790,2024-09-11,500000,11.43,24,A,consumer_durable,Kerala,100000
L01791,2024-04-20,300000,11.28,36,A,vehicle,Andhra Pradesh,50000
L01792,2024-10-15,1000000,11.43,36,A,vehicle,Delhi,100000
L01793,2024-09-13,100000,11.93,12,A,personal,Telangana,50000
L01794,2024-09-19,1000000,21.87,36,D,education,Kerala,75000
L01795,2024-11-16,50000,11.96,12,A,consumer_durable,West Bengal,75000
L01796,2024-06-25,150000,13.36,12,B,personal,Karnataka,50000
L01797,2024-02-24,300000,10.25,48,A,vehicle,Maharashtra,150000
L01798,2024-10-24,50000,13.22,36,B,business,West Bengal,35000
L01799,2024-06-27,300000,11.86,24,A,vehicle,Maharashtra,100000
L01800,2024-07-07,200000,16.34,12,C,vehicle,Karnataka,100000
L01801,2024-02-04,300000,17.62,24,C,consumer_durable,Telangana,35000
L01802,2024-04-09,150000,14.78,12,B,personal,Telangana,150000
L01803,2024-04-04,750000,13.89,12,B,consumer_durable,Andhra Pradesh,75000
L01804,2024-07-01,750000,11.7,36,A,vehicle,Andhra Pradesh,75000
L01805,2024-08-17,500000,16.64,48,C,consumer_durable,Kerala,35000
L01806,2024-12-22,100000,14.2,48,B,vehicle,West Bengal,35000
L01807,2024-04-23,500000,10.81,36,A,vehicle,West Bengal,100000
L01808,2024-10-08,50000,21.37,12,D,consumer_durable,Maharashtra,75000
L01809,2024-08-14,500000,13.76,48,B,consumer_durable,Karnataka,75000
L01810,2024-05-16,200000,10.54,24,A,vehicle,Telangana,100000
L01811,2024-07-12,200000,17.69,12,C,vehicle,Karnataka,150000
L01812,2024-09-02,100000,21.23,36,D,personal,Rajasthan,50000
L01813,2024-07-09,300000,13.28,24,B,vehicle,West Bengal,50000
L01814,2024-02-20,100000,10.46,12,A,education,Tamil Nadu,50000
L01815,2024-04-01,750000,14.79,24,B,education,Karnataka,25000
L01816,2024-03-18,300000,17.63,12,C,consumer_durable,Rajasthan,50000
L01817,2024-03-08,150000,17.07,12,C,business,Tamil Nadu,50000
L01818,2024-01-13,50000,14.0,24,B,vehicle,Maharashtra,75000
L01819,2024-10-27,150000,10.48,36,A,education,Delhi,75000
L01820,2024-12-08,150000,11.42,24,A,education,Maharashtra,25000
L01821,2024-08-17,150000,25.0,48,E,consumer_durable,Rajasthan,100000
L01822,2024-09-12,1000000,17.92,48,C,business,Rajasthan,75000
L01823,2024-01-07,1000000,10.25,12,A,education,Gujarat,50000
L01824,2024-05-12,750000,10.77,12,A,business,Andhra Pradesh,35000
L01825,2024-11-25,200000,16.87,24,C,consumer_durable,Kerala,150000
L01826,2024-03-01,300000,10.79,24,A,consumer_durable,Delhi,75000
L01827,2024-04-15,1000000,13.74,24,B,consumer_durable,Maharashtra,35000
L01828,2024-01-12,100000,25.59,48,E,consumer_durable,West Bengal,25000
L01829,2024-09-16,500000,17.64,12,C,consumer_durable,Karnataka,50000
L01830,2024-03-01,300000,14.84,12,B,vehicle,Rajasthan,50000
L01831,2024-06-01,200000,11.26,48,A,consumer_durable,Gujarat,100000
L01832,2024-01-26,500000,13.57,12,B,consumer_durable,Andhra Pradesh,75000
L01833,2024-09-24,50000,17.33,12,C,vehicle,West Bengal,50000
L01834,2024-11-09,1000000,17.46,24,C,vehicle,Telangana,25000
L01835,2024-01-02,300000,16.79,36,C,personal,Tamil Nadu,35000
L01836,2024-03-14,200000,13.84,36,B,vehicle,Maharashtra,25000
L01837,2024-08-26,50000,10.53,12,A,vehicle,Andhra Pradesh,35000
L01838,2024-11-15,1000000,20.23,36,D,education,Gujarat,75000
L01839,2024-09-27,300000,26.15,36,E,business,Rajasthan,35000
L01840,2024-04-08,300000,17.61,12,C,consumer_durable,Andhra Pradesh,50000
L01841,2024-12-13,300000,14.0,12,B,education,Delhi,50000
L01842,2024-04-08,150000,11.11,48,A,vehicle,Karnataka,150000
L01843,2024-07-14,500000,13.83,36,B,business,Karnataka,35000
L01844,2024-11-03,1000000,11.9,36,A,personal,West Bengal,75000
L01845,2024-01-11,150000,20.83,36,D,personal,Delhi,35000
L01846,2024-07-19,1000000,14.86,24,B,consumer_durable,West Bengal,35000
L01847,2024-10-11,150000,10.67,48,A,personal,Karnataka,25000
L01848,2024-07-16,50000,10.3,12,A,vehicle,Maharashtra,25000
L01849,2024-06-22,50000,13.27,36,B,education,Karnataka,25000
L01850,2024-01-19,300000,10.66,12,A,personal,Kerala,25000
L01851,2024-07-27,200000,21.58,48,D,personal,Delhi,100000
L01852,2024-05-05,100000,11.66,12,A,consumer_durable,Kerala,50000
L01853,2024-04-23,100000,10.99,36,A,personal,West Bengal,50000
L01854,2024-06-17,1000000,17.62,36,C,business,West Bengal,75000
L01855,2024-05-22,200000,21.59,36,D,vehicle,Telangana,75000
L01856,2024-01-19,150000,10.07,12,A,vehicle,Karnataka,75000
L01857,2024-06-23,100000,10.56,36,A,education,Telangana,150000
L01858,2024-11-22,750000,13.25,36,B,vehicle,Andhra Pradesh,150000
L01859,2024-06-03,150000,10.78,12,A,personal,Delhi,75000
L01860,2024-07-26,1000000,10.93,36,A,consumer_durable,Tamil Nadu,50000
L01861,2024-10-28,750000,17.32,24,C,personal,Tamil Nadu,50000
L01862,2024-06-05,1000000,14.75,12,B,vehicle,Telangana,100000
L01863,2024-12-06,300000,17.81,48,C,personal,Maharashtra,150000
L01864,2024-06-11,500000,14.6,12,B,personal,Andhra Pradesh,100000
L01865,2024-11-28,150000,10.67,36,A,education,West Bengal,100000
L01866,2024-12-26,200000,25.87,12,E,consumer_durable,Kerala,100000
L01867,2024-06-01,1000000,10.09,48,A,education,Karnataka,75000
L01868,2024-10-19,750000,21.86,24,D,business,Kerala,35000
L01869,2024-01-27,300000,14.78,24,B,education,Delhi,75000
L01870,2024-08-08,200000,10.08,48,A,personal,West Bengal,25000
L01871,2024-09-14,300000,26.07,12,E,education,Delhi,100000
L01872,2024-04-18,1000000,17.98,36,C,personal,Telangana,75000
L01873,2024-11-07,500000,13.35,12,B,consumer_durable,Karnataka,50000
L01874,2024-03-24,1000000,16.04,36,C,vehicle,Delhi,150000
L01875,2024-04-24,150000,11.81,24,A,business,Karnataka,50000
L01876,2024-03-28,100000,13.15,12,B,personal,Telangana,25000
L01877,2024-02-25,300000,17.93,48,C,business,Karnataka,100000
L01878,2024-08-22,1000000,17.02,36,C,personal,Gujarat,25000
L01879,2024-09-09,750000,14.61,12,B,education,Karnataka,25000
L01880,2024-12-18,500000,10.32,24,A,consumer_durable,Gujarat,25000
L01881,2024-07-04,750000,14.59,48,B,vehicle,Tamil Nadu,35000
L01882,2024-12-23,1000000,17.55,12,C,vehicle,Andhra Pradesh,100000
L01883,2024-06-07,750000,16.64,12,C,personal,Andhra Pradesh,35000
L01884,2024-11-12,500000,10.03,36,A,consumer_durable,Maharashtra,50000
L01885,2024-02-20,100000,20.27,12,D,education,Tamil Nadu,75000
L01886,2024-01-26,500000,13.24,36,B,vehicle,Delhi,100000
L01887,2024-02-02,300000,20.08,36,D,vehicle,Delhi,75000
L01888,2024-07-03,300000,25.68,36,E,personal,Andhra Pradesh,50000
L01889,2024-05-11,750000,16.05,24,C,personal,Tamil Nadu,100000
L01890,2024-02-09,100000,16.73,36,C,business,Karnataka,35000
L01891,2024-05-10,100000,13.46,12,B,education,Kerala,150000
L01892,2024-07-25,300000,13.2,12,B,business,West Bengal,25000
L01893,2024-03-03,300000,17.48,12,C,education,Maharashtra,25000
L01894,2024-06-13,50000,20.94,12,D,business,Tamil Nadu,100000
L01895,2024-03-06,200000,25.16,12,E,personal,Andhra Pradesh,35000
L01896,2024-11-17,150000,16.34,24,C,consumer_durable,Maharashtra,150000
L01897,2024-12-25,300000,14.15,24,B,consumer_durable,Rajasthan,35000
L01898,2024-07-07,200000,11.23,36,A,business,Tamil Nadu,75000
L01899,2024-05-09,750000,26.82,24,E,education,Karnataka,150000
L01900,2024-02-13,1000000,13.0,24,B,business,Tamil Nadu,100000
L01901,2024-04-05,100000,11.93,12,A,vehicle,Telangana,150000
L01902,2024-03-07,100000,11.37,36,A,personal,Kerala,25000
L01903,2024-01-14,100000,17.66,12,C,business,Telangana,75000
L01904,2024-06-14,100000,11.74,48,A,education,Delhi,75000
L01905,2024-06-07,150000,16.41,24,C,consumer_durable,Andhra Pradesh,50000
L01906,2024-08-06,300000,13.01,12,B,personal,Andhra Pradesh,100000
L01907,2024-05-05,750000,10.22,36,A,business,Tamil Nadu,75000
L01908,2024-09-03,1000000,17.57,48,C,business,Delhi,150000
L01909,2024-05-27,200000,11.38,48,A,consumer_durable,Delhi,35000
L01910,2024-01-25,1000000,14.81,24,B,consumer_durable,West Bengal,35000
L01911,2024-12-12,150000,25.22,36,E,personal,Delhi,150000
L01912,2024-01-03,300000,14.49,12,B,vehicle,Delhi,50000
L01913,2024-09-01,150000,21.26,24,D,personal,Gujarat,150000
L01914,2024-01-16,750000,17.14,24,C,vehicle,Karnataka,150000
L01915,2024-05-19,750000,13.5,24,B,consumer_durable,Kerala,100000
L01916,2024-10-07,100000,13.76,24,B,business,Maharashtra,50000
L01917,2024-08-08,200000,14.06,48,B,education,Maharashtra,150000
L01918,2024-01-07,150000,10.46,48,A,consumer_durable,Rajasthan,150000
L01919,2024-04-24,1000000,11.44,24,A,vehicle,Gujarat,25000
L01920,2024-07-04,50000,11.84,36,A,education,Andhra Pradesh,35000
L01921,2024-02-26,200000,11.22,36,A,education,Rajasthan,150000
L01922,2024-12-09,200000,16.09,24,C,personal,Andhra Pradesh,35000
L01923,2024-09-19,500000,16.2,24,C,education,Delhi,25000
L01924,2024-08-18,500000,14.87,24,B,personal,Karnataka,150000
L01925,2024-03-08,300000,13.39,12,B,vehicle,Telangana,35000
L01926,2024-11-15,300000,10.92,24,A,education,Tamil Nadu,25000
L01927,2024-05-27,200000,10.73,48,A,vehicle,Karnataka,35000
L01928,2024-01-18,50000,13.34,24,B,consumer_durable,Karnataka,25000
L01929,2024-07-04,200000,16.15,48,C,vehicle,Tamil Nadu,50000
L01930,2024-03-27,500000,17.77,24,C,consumer_durable,West Bengal,35000
L01931,2024-05-20,1000000,16.56,24,C,personal,Telangana,75000
L01932,2024-10-04,1000000,11.85,24,A,personal,Telangana,150000
L01933,2024-07-21,100000,17.12,24,C,personal,Rajasthan,35000
L01934,2024-04-02,200000,14.6,12,B,vehicle,Rajasthan,100000
L01935,2024-06-18,100000,10.52,24,A,vehicle,Maharashtra,75000
L01936,2024-04-23,200000,13.28,12,B,education,Tamil Nadu,100000
L01937,2024-09-03,750000,14.44,36,B,consumer_durable,Tamil Nadu,150000
L01938,2024-01-25,500000,10.06,12,A,personal,Maharashtra,25000
L01939,2024-04-16,100000,13.17,12,B,consumer_durable,Rajasthan,150000
L01940,2024-06-11,50000,14.44,48,B,personal,Rajasthan,150000
L01941,2024-02-18,300000,10.52,24,A,education,Kerala,100000
L01942,2024-02-05,1000000,14.04,24,B,business,Rajasthan,100000
L01943,2024-01-17,500000,16.76,48,C,consumer_durable,Maharashtra,25000
L01944,2024-04-13,50000,17.32,36,C,business,Karnataka,50000
L01945,2024-07-13,300000,17.06,12,C,vehicle,West Bengal,35000
L01946,2024-06-22,200000,17.98,12,C,business,Delhi,35000
L01947,2024-09-23,750000,17.46,12,C,consumer_durable,Maharashtra,75000
L01948,2024-10-18,750000,11.2,48,A,education,Gujarat,25000
L01949,2024-01-09,150000,16.25,12,C,personal,West Bengal,50000
L01950,2024-09-24,100000,21.78,12,D,business,Delhi,150000
L01951,2024-04-17,1000000,11.0,24,A,consumer_durable,Telangana,100000
L01952,2024-03-22,750000,16.54,12,C,vehicle,West Bengal,100000
L01953,2024-11-22,150000,17.04,36,C,consumer_durable,Delhi,35000
L01954,2024-03-12,750000,11.51,48,A,vehicle,Karnataka,50000
L01955,2024-01-27,300000,25.16,48,E,business,West Bengal,35000
L01956,2024-01-06,500000,14.52,48,B,vehicle,Gujarat,50000
L01957,2024-12-01,150000,13.59,12,B,consumer_durable,West Bengal,50000
L01958,2024-09-19,300000,14.73,12,B,vehicle,Karnataka,50000
L01959,2024-05-11,150000,11.66,24,A,consumer_durable,Kerala,150000
L01960,2024-11-21,500000,10.08,12,A,business,Telangana,35000
L01961,2024-06-07,200000,21.94,36,D,education,Gujarat,150000
L01962,2024-02-03,200000,11.61,12,A,education,Andhra Pradesh,100000
L01963,2024-10-07,100000,14.09,24,B,education,Karnataka,150000
L01964,2024-07-21,1000000,16.43,36,C,vehicle,Maharashtra,75000
L01965,2024-10-25,100000,21.91,48,D,business,West Bengal,25000
L01966,2024-12-28,750000,14.56,12,B,personal,Tamil Nadu,35000
L01967,2024-06-25,50000,21.17,48,D,personal,Rajasthan,35000
L01968,2024-07-11,50000,20.49,48,D,consumer_durable,Delhi,150000
L01969,2024-07-01,100000,11.92,24,A,consumer_durable,Gujarat,100000
L01970,2024-02-10,150000,17.77,12,C,personal,Rajasthan,150000
L01971,2024-05-08,300000,16.22,24,C,consumer_durable,Rajasthan,75000
L01972,2024-07-07,50000,14.17,24,B,vehicle,Telangana,100000
L01973,2024-08-09,150000,16.15,36,C,business,West Bengal,25000
L01974,2024-12-10,50000,11.39,24,A,education,Rajasthan,75000
L01975,2024-11-01,50000,26.66,36,E,vehicle,Andhra Pradesh,75000
L01976,2024-02-04,50000,14.04,24,B,consumer_durable,Maharashtra,25000
L01977,2024-04-12,50000,26.04,48,E,consumer_durable,Kerala,25000
L01978,2024-11-15,50000,20.77,12,D,business,Telangana,25000
L01979,2024-06-12,200000,25.51,12,E,consumer_durable,Rajasthan,100000
L01980,2024-08-14,100000,10.97,24,A,education,Telangana,100000
L01981,2024-01-04,300000,21.5,24,D,business,Rajasthan,25000
L01982,2024-06-10,1000000,17.56,24,C,consumer_durable,Rajasthan,150000
L01983,2024-04-08,150000,20.81,36,D,education,Karnataka,25000
L01984,2024-12-01,500000,10.9,12,A,education,Gujarat,100000
L01985,2024-05-19,100000,17.61,24,C,personal,Andhra Pradesh,50000
L01986,2024-10-23,150000,16.81,48,C,education,Kerala,75000
L01987,2024-11-20,300000,21.66,48,D,personal,Rajasthan,50000
L01988,2024-11-19,500000,11.16,24,A,vehicle,Gujarat,100000
L01989,2024-05-19,50000,11.54,24,A,vehicle,Telangana,25000
L01990,2024-03-25,200000,10.59,48,A,consumer_durable,Kerala,100000
L01991,2024-12-01,50000,25.82,48,E,vehicle,West Bengal,150000
L01992,2024-01-21,750000,11.94,48,A,vehicle,Telangana,50000
L01993,2024-04-11,200000,14.04,36,B,vehicle,Rajasthan,35000
L01994,2024-05-27,50000,17.67,12,C,business,West Bengal,150000
L01995,2024-10-20,150000,11.8,48,A,business,Maharashtra,100000
L01996,2024-06-18,150000,20.81,24,D,consumer_durable,Delhi,25000
L01997,2024-06-14,750000,17.15,12,C,vehicle,Maharashtra,100000
L01998,2024-11-05,750000,13.2,24,B,education,Gujarat,100000
L01999,2024-04-25,100000,13.5,36,B,consumer_durable,Rajasthan,35000
L02000,2024-05-21,300000,11.7,12,A,personal,Tamil Nadu,75000
L02001,2024-09-14,50000,16.01,48,C,consumer_durable,Karnataka,25000
L02002,2024-02-03,750000,11.01,24,A,education,Gujarat,25000
L02003,2024-01-20,100000,10.75,36,A,personal,Delhi,150000
L02004,2024-07-25,500000,16.11,24,C,education,Telangana,100000
L02005,2024-01-24,750000,26.25,36,E,vehicle,Delhi,50000
L02006,2024-10-10,1000000,10.88,48,A,vehicle,Maharashtra,150000
L02007,2024-07-22,150000,26.45,24,E,education,Tamil Nadu,50000
L02008,2024-08-24,100000,11.49,48,A,consumer_durable,Maharashtra,35000
L02009,2024-05-01,100000,14.54,48,B,education,Rajasthan,50000
L02010,2024-08-08,200000,10.4,12,A,vehicle,Gujarat,50000
L02011,2024-07-04,150000,16.41,48,C,education,Karnataka,75000
L02012,2024-02-20,150000,11.36,24,A,personal,West Bengal,25000
L02013,2024-09-22,750000,10.48,36,A,vehicle,Andhra Pradesh,75000
L02014,2024-04-07,500000,13.75,48,B,personal,Rajasthan,50000
L02015,2024-03-28,50000,14.45,36,B,personal,Tamil Nadu,75000
L02016,2024-02-14,50000,11.95,36,A,business,Maharashtra,35000
L02017,2024-07-16,300000,14.66,12,B,vehicle,Andhra Pradesh,150000
L02018,2024-02-01,150000,17.83,24,C,personal,Andhra Pradesh,100000
L02019,2024-04-09,150000,13.2,48,B,vehicle,Kerala,100000
L02020,2024-11-20,1000000,14.57,48,B,vehicle,West Bengal,35000
L02021,2024-09-06,200000,21.75,36,D,consumer_durable,Maharashtra,50000
L02022,2024-01-16,1000000,11.92,48,A,consumer_durable,Karnataka,75000
L02023,2024-08-08,50000,13.81,48,B,education,Tamil Nadu,25000
L02024,2024-03-03,50000,13.75,24,B,vehicle,Telangana,150000
L02025,2024-07-22,150000,13.17,36,B,personal,Gujarat,100000
L02026,2024-07-19,100000,26.37,24,E,personal,Rajasthan,150000
L02027,2024-10-05,150000,16.15,36,C,education,West Bengal,75000
L02028,2024-09-25,50000,17.12,36,C,vehicle,West Bengal,100000
L02029,2024-01-06,300000,17.57,24,C,personal,Gujarat,25000
L02030,2024-09-14,200000,26.32,36,E,education,Delhi,150000
L02031,2024-10-17,500000,11.69,12,A,personal,Delhi,50000
L02032,2024-01-23,1000000,14.92,48,B,personal,Gujarat,35000
L02033,2024-08-07,750000,10.9,24,A,personal,Kerala,75000
L02034,2024-02-24,100000,11.93,48,A,consumer_durable,Kerala,100000
L02035,2024-10-14,150000,14.71,48,B,vehicle,Tamil Nadu,50000
L02036,2024-12-02,200000,13.99,36,B,education,Maharashtra,75000
L02037,2024-12-09,200000,16.74,12,C,business,West Bengal,75000
L02038,2024-10-02,500000,17.37,12,C,personal,Tamil Nadu,50000
L02039,2024-06-28,150000,21.56,36,D,business,Delhi,35000
L02040,2024-07-07,750000,25.92,24,E,business,Kerala,50000
L02041,2024-03-22,200000,11.27,36,A,consumer_durable,Telangana,35000
L02042,2024-03-09,100000,13.68,12,B,business,Tamil Nadu,100000
L02043,2024-06-13,1000000,16.36,24,C,education,Tamil Nadu,75000
L02044,2024-04-11,200000,26.74,36,E,personal,Telangana,100000
L02045,2024-01-21,750000,10.74,48,A,education,Delhi,75000
L02046,2024-06-25,500000,25.03,48,E,business,Delhi,35000
L02047,2024-02-22,300000,11.26,12,A,personal,Andhra Pradesh,100000
L02048,2024-12-11,50000,13.4,24,B,business,Maharashtra,25000
L02049,2024-02-11,200000,20.79,36,D,consumer_durable,Karnataka,50000
L02050,2024-12-06,200000,20.21,36,D,education,Telangana,75000
L02051,2024-07-15,100000,13.48,36,B,personal,Maharashtra,100000
L02052,2024-11-26,150000,11.39,12,A,business,Karnataka,25000
L02053,2024-10-17,150000,16.91,12,C,education,Rajasthan,75000
L02054,2024-01-09,150000,14.52,36,B,vehicle,Telangana,100000
L02055,2024-03-11,500000,13.8,48,B,consumer_durable,Maharashtra,50000
L02056,2024-08-18,750000,21.58,48,D,business,Delhi,35000
L02057,2024-12-22,500000,11.02,36,A,education,Gujarat,150000
L02058,2024-06-26,500000,17.59,36,C,vehicle,Rajasthan,35000
L02059,2024-12-14,100000,14.94,36,B,personal,Tamil Nadu,25000
L02060,2024-05-12,50000,20.31,24,D,education,Telangana,25000
L02061,2024-02-26,150000,26.29,36,E,business,Karnataka,35000
L02062,2024-09-07,500000,10.96,48,A,education,Tamil Nadu,150000
L02063,2024-09-17,300000,10.57,48,A,consumer_durable,Kerala,100000
L02064,2024-12-08,1000000,25.29,48,E,consumer_durable,Andhra Pradesh,150000
L02065,2024-01-05,750000,25.3,36,E,education,Tamil Nadu,50000
L02066,2024-03-23,100000,11.05,12,A,vehicle,Telangana,25000
L02067,2024-11-01,150000,11.76,36,A,education,Karnataka,25000
L02068,2024-09-08,50000,14.77,48,B,business,Andhra Pradesh,35000
L02069,2024-09-06,1000000,10.69,48,A,consumer_durable,Rajasthan,150000
L02070,2024-03-12,1000000,10.35,48,A,consumer_durable,Gujarat,50000
L02071,2024-05-16,500000,17.12,24,C,consumer_durable,Tamil Nadu,100000
L02072,2024-02-17,500000,25.28,48,E,consumer_durable,Rajasthan,35000
L02073,2024-03-23,750000,16.11,48,C,personal,Andhra Pradesh,35000
L02074,2024-12-24,200000,10.4,24,A,education,Kerala,35000
L02075,2024-03-05,50000,25.65,24,E,consumer_durable,Tamil Nadu,25000
L02076,2024-10-03,500000,17.31,36,C,vehicle,Rajasthan,100000
L02077,2024-06-23,150000,10.65,24,A,education,Rajasthan,35000
L02078,2024-02-16,300000,13.53,48,B,consumer_durable,Telangana,35000
L02079,2024-01-19,300000,20.49,36,D,business,Delhi,100000
L02080,2024-12-04,1000000,21.22,24,D,consumer_durable,Kerala,100000
L02081,2024-08-03,150000,14.14,24,B,personal,Gujarat,35000
L02082,2024-08-24,1000000,17.52,12,C,vehicle,Andhra Pradesh,150000
L02083,2024-09-17,500000,20.28,24,D,vehicle,Tamil Nadu,25000
L02084,2024-06-13,100000,20.27,12,D,education,Telangana,35000
L02085,2024-09-16,50000,10.53,48,A,education,Rajasthan,100000
L02086,2024-04-23,1000000,20.7,36,D,education,Gujarat,35000
L02087,2024-01-07,750000,11.85,12,A,business,Delhi,35000
L02088,2024-10-11,100000,21.63,12,D,consumer_durable,Karnataka,50000
L02089,2024-12-19,150000,21.91,12,D,personal,Tamil Nadu,150000
L02090,2024-02-10,500000,14.33,24,B,consumer_durable,Delhi,150000
L02091,2024-04-01,200000,20.11,48,D,consumer_durable,Karnataka,35000
L02092,2024-02-05,1000000,16.19,48,C,personal,Tamil Nadu,150000
L02093,2024-11-23,200000,10.31,48,A,consumer_durable,Andhra Pradesh,150000
L02094,2024-12-22,100000,11.21,12,A,personal,Karnataka,75000
L02095,2024-01-04,150000,14.83,12,B,consumer_durable,Tamil Nadu,150000
L02096,2024-04-20,1000000,14.86,24,B,personal,Delhi,100000
L02097,2024-09-01,750000,10.67,24,A,consumer_durable,Delhi,100000
L02098,2024-02-10,300000,10.35,12,A,education,West Bengal,150000
L02099,2024-10-22,500000,14.72,36,B,vehicle,Tamil Nadu,100000
L02100,2024-10-07,150000,10.03,36,A,business,West Bengal,25000
L02101,2024-04-23,50000,21.61,36,D,vehicle,Kerala,75000
L02102,2024-08-04,100000,20.46,24,D,business,Telangana,75000
L02103,2024-07-10,500000,26.08,24,E,vehicle,Maharashtra,50000
L02104,2024-08-02,150000,25.05,48,E,personal,Gujarat,100000
L02105,2024-05-02,200000,11.12,24,A,education,Kerala,25000
L02106,2024-10-01,100000,13.86,48,B,vehicle,Tamil Nadu,35000
L02107,2024-05-28,100000,20.68,24,D,personal,Telangana,150000
L02108,2024-01-04,300000,16.06,12,C,education,Gujarat,75000
L02109,2024-05-20,1000000,25.74,12,E,business,Andhra Pradesh,100000
L02110,2024-07-27,500000,16.74,24,C,vehicle,Delhi,75000
L02111,2024-05-15,150000,21.67,48,D,personal,Karnataka,25000
L02112,2024-09-04,100000,14.59,12,B,vehicle,Maharashtra,150000
L02113,2024-07-09,200000,16.2,12,C,consumer_durable,Tamil Nadu,75000
L02114,2024-12-22,50000,14.03,36,B,consumer_durable,Karnataka,35000
L02115,2024-12-02,100000,17.95,48,C,personal,Telangana,100000
L02116,2024-01-15,1000000,10.2,24,A,business,Karnataka,25000
L02117,2024-09-09,300000,20.72,48,D,business,Telangana,75000
L02118,2024-10-14,200000,10.05,24,A,business,Rajasthan,100000
L02119,2024-07-20,1000000,16.85,36,C,consumer_durable,Maharashtra,35000
L02120,2024-11-26,50000,10.67,24,A,education,West Bengal,35000
L02121,2024-07-13,1000000,21.84,48,D,vehicle,Karnataka,50000
L02122,2024-12-28,200000,17.66,48,C,personal,Maharashtra,25000
L02123,2024-02-10,750000,25.83,36,E,education,Maharashtra,25000
L02124,2024-08-22,50000,16.89,48,C,personal,Delhi,25000
L02125,2024-09-25,300000,11.17,12,A,education,Delhi,100000
L02126,2024-12-03,200000,11.34,36,A,vehicle,Maharashtra,50000
L02127,2024-05-21,50000,17.62,48,C,consumer_durable,Kerala,100000
L02128,2024-04-15,200000,26.3,48,E,personal,West Bengal,75000
L02129,2024-07-04,300000,16.2,24,C,vehicle,Andhra Pradesh,50000
L02130,2024-05-08,1000000,25.96,24,E,vehicle,Gujarat,75000
L02131,2024-02-20,300000,11.17,48,A,personal,Karnataka,150000
L02132,2024-07-28,300000,20.33,24,D,personal,Telangana,75000
L02133,2024-09-28,1000000,11.64,24,A,personal,Karnataka,75000
L02134,2024-11-01,150000,11.32,36,A,personal,Rajasthan,25000
L02135,2024-02-03,1000000,11.8,48,A,personal,Rajasthan,100000
L02136,2024-09-01,300000,17.86,12,C,education,West Bengal,50000
L02137,2024-02-15,150000,13.32,36,B,education,Rajasthan,150000
L02138,2024-06-15,1000000,21.95,12,D,education,Tamil Nadu,25000
L02139,2024-07-16,300000,21.08,36,D,consumer_durable,Karnataka,35000
L02140,2024-05-20,750000,21.13,48,D,personal,Karnataka,35000
L02141,2024-10-09,1000000,14.35,24,B,education,West Bengal,100000
L02142,2024-07-19,150000,20.93,48,D,personal,Delhi,25000
L02143,2024-05-26,200000,17.43,12,C,education,West Bengal,25000
L02144,2024-09-21,50000,13.99,24,B,vehicle,Andhra Pradesh,50000
L02145,2024-07-12,200000,16.67,12,C,consumer_durable,Kerala,150000
L02146,2024-11-02,750000,16.36,48,C,business,Kerala,75000
L02147,2024-10-14,200000,14.44,12,B,business,Andhra Pradesh,100000
L02148,2024-03-18,100000,13.89,36,B,personal,West Bengal,35000
L02149,2024-04-27,500000,11.16,48,A,business,Rajasthan,100000
L02150,2024-07-18,200000,10.53,24,A,education,Maharashtra,75000
L02151,2024-03-25,300000,10.79,48,A,education,Kerala,25000
L02152,2024-02-07,100000,13.18,12,B,education,Telangana,50000
L02153,2024-04-23,150000,18.0,48,C,personal,Telangana,35000
L02154,2024-06-06,750000,14.79,24,B,personal,Delhi,50000
L02155,2024-12-01,100000,13.8,24,B,business,Delhi,50000
L02156,2024-02-14,300000,13.25,36,B,personal,Telangana,150000
L02157,2024-07-13,50000,11.58,12,A,consumer_durable,Andhra Pradesh,150000
L02158,2024-10-18,150000,11.4,12,A,education,Rajasthan,150000
L02159,2024-09-05,750000,10.92,12,A,business,Karnataka,75000
L02160,2024-06-20,100000,11.57,24,A,consumer_durable,West Bengal,50000
L02161,2024-10-13,200000,14.4,48,B,business,Rajasthan,75000
L02162,2024-10-09,100000,13.65,36,B,personal,Karnataka,25000
L02163,2024-11-25,150000,16.12,48,C,business,Telangana,150000
L02164,2024-02-16,50000,20.7,12,D,consumer_durable,Maharashtra,35000
L02165,2024-06-08,750000,20.41,48,D,vehicle,Karnataka,100000
L02166,2024-01-13,500000,13.74,48,B,personal,Maharashtra,25000
L02167,2024-05-17,300000,17.61,36,C,vehicle,Maharashtra,50000
L02168,2024-05-26,750000,21.36,48,D,consumer_durable,Andhra Pradesh,75000
L02169,2024-01-27,750000,10.52,36,A,business,West Bengal,50000
L02170,2024-01-19,1000000,13.68,48,B,business,Gujarat,35000
L02171,2024-04-28,50000,10.85,36,A,business,West Bengal,75000
L02172,2024-06-23,150000,17.54,36,C,personal,Karnataka,75000
L02173,2024-01-01,500000,16.46,48,C,vehicle,Tamil Nadu,25000
L02174,2024-08-14,300000,10.36,48,A,consumer_durable,Delhi,75000
L02175,2024-07-01,500000,11.23,12,A,personal,Tamil Nadu,50000
L02176,2024-09-27,100000,16.18,36,C,education,Rajasthan,150000
L02177,2024-09-01,50000,13.01,12,B,consumer_durable,Kerala,100000
L02178,2024-09-05,1000000,26.42,24,E,personal,Tamil Nadu,100000
L02179,2024-01-26,500000,16.89,36,C,consumer_durable,Tamil Nadu,150000
L02180,2024-11-26,300000,14.71,48,B,personal,Tamil Nadu,150000
L02181,2024-09-09,150000,10.11,24,A,consumer_durable,Gujarat,35000
L02182,2024-09-02,750000,14.73,48,B,education,Gujarat,150000
L02183,2024-03-10,300000,11.9,24,A,personal,Rajasthan,150000
L02184,2024-06-26,500000,17.76,36,C,personal,Maharashtra,150000
L02185,2024-06-10,300000,25.61,48,E,business,Tamil Nadu,35000
L02186,2024-04-05,100000,20.22,48,D,business,Rajasthan,100000
L02187,2024-10-24,1000000,17.36,12,C,consumer_durable,Andhra Pradesh,75000
L02188,2024-11-21,200000,17.33,24,C,consumer_durable,Tamil Nadu,25000
L02189,2024-02-16,750000,11.37,36,A,personal,Rajasthan,25000
L02190,2024-07-08,100000,21.21,12,D,business,Gujarat,150000
L02191,2024-04-11,50000,16.77,24,C,business,Kerala,35000
L02192,2024-01-02,200000,14.76,12,B,education,Karnataka,150000
L02193,2024-05-17,1000000,20.95,12,D,consumer_durable,Gujarat,35000
L02194,2024-06-09,300000,11.83,36,A,consumer_durable,Maharashtra,100000
L02195,2024-08-20,500000,11.38,24,A,consumer_durable,Rajasthan,25000
L02196,2024-10-04,500000,10.48,24,A,education,Andhra Pradesh,100000
L02197,2024-12-13,300000,14.75,48,B,education,Rajasthan,100000
L02198,2024-06-16,50000,16.61,24,C,consumer_durable,Karnataka,50000
L02199,2024-04-02,150000,20.51,12,D,education,Rajasthan,150000
L02200,2024-03-07,300000,25.35,24,E,education,Andhra Pradesh,35000
L02201,2024-02-05,200000,14.14,12,B,education,Andhra Pradesh,25000
L02202,2024-10-07,150000,14.89,24,B,education,Rajasthan,25000
L02203,2024-02-02,200000,16.34,12,C,personal,Tamil Nadu,35000
L02204,2024-12-17,50000,10.03,48,A,consumer_durable,West Bengal,75000
L02205,2024-11-20,50000,11.02,48,A,consumer_durable,Karnataka,25000
L02206,2024-07-26,300000,13.38,12,B,business,Maharashtra,150000
L02207,2024-11-08,300000,11.86,12,A,education,Rajasthan,25000
L02208,2024-09-21,300000,16.84,24,C,vehicle,Gujarat,50000
L02209,2024-02-02,500000,14.66,12,B,vehicle,Maharashtra,75000
L02210,2024-01-12,750000,21.83,36,D,business,Kerala,75000
L02211,2024-12-02,100000,13.66,48,B,consumer_durable,West Bengal,75000
L02212,2024-11-13,100000,10.03,36,A,business,Karnataka,150000
L02213,2024-01-26,200000,11.97,48,A,education,Gujarat,25000
L02214,2024-08-02,300000,14.54,12,B,business,Rajasthan,35000
L02215,2024-03-13,200000,13.59,48,B,vehicle,West Bengal,100000
L02216,2024-09-14,50000,14.06,12,B,consumer_durable,Rajasthan,150000
L02217,2024-02-12,1000000,17.56,12,C,business,Kerala,75000
L02218,2024-10-15,1000000,11.69,48,A,personal,Kerala,35000
L02219,2024-12-25,100000,10.27,36,A,consumer_durable,Rajasthan,100000
L02220,2024-05-03,150000,13.76,12,B,education,Gujarat,35000
L02221,2024-09-11,1000000,25.72,12,E,consumer_durable,Andhra Pradesh,75000
L02222,2024-03-16,100000,11.34,36,A,consumer_durable,Kerala,35000
L02223,2024-11-18,100000,17.08,24,C,business,Karnataka,100000
L02224,2024-07-09,750000,17.88,24,C,vehicle,Tamil Nadu,100000
L02225,2024-02-15,500000,26.02,12,E,business,Gujarat,50000
L02226,2024-06-22,100000,21.65,36,D,business,Andhra Pradesh,25000
L02227,2024-10-05,150000,13.01,24,B,business,Andhra Pradesh,25000
L02228,2024-01-03,50000,17.88,48,C,vehicle,Gujarat,75000
L02229,2024-04-27,50000,10.92,24,A,business,Andhra Pradesh,35000
L02230,2024-05-01,500000,14.77,12,B,personal,Andhra Pradesh,100000
L02231,2024-05-23,150000,16.32,48,C,vehicle,Karnataka,35000
L02232,2024-09-26,100000,25.78,36,E,personal,Andhra Pradesh,25000
L02233,2024-11-23,500000,11.89,12,A,personal,Karnataka,100000
L02234,2024-08-26,50000,14.22,12,B,personal,Gujarat,35000
L02235,2024-04-27,50000,14.49,48,B,personal,Kerala,35000
L02236,2024-07-19,50000,10.92,36,A,personal,Maharashtra,75000
L02237,2024-10-26,100000,11.75,36,A,education,Gujarat,150000
L02238,2024-09-15,150000,11.59,48,A,education,Rajasthan,100000
L02239,2024-10-09,750000,10.69,36,A,consumer_durable,Karnataka,75000
L02240,2024-12-17,100000,21.92,24,D,consumer_durable,Telangana,50000
L02241,2024-12-25,100000,20.43,12,D,personal,Delhi,50000
L02242,2024-11-20,500000,11.55,48,A,vehicle,Tamil Nadu,25000
L02243,2024-12-12,300000,13.43,48,B,business,Rajasthan,35000
L02244,2024-01-13,150000,13.84,36,B,education,West Bengal,25000
L02245,2024-09-08,1000000,16.39,36,C,business,Rajasthan,100000
L02246,2024-06-26,300000,11.94,24,A,consumer_durable,Delhi,75000
L02247,2024-01-15,50000,20.66,48,D,business,Maharashtra,75000
L02248,2024-06-13,500000,13.7,24,B,vehicle,Kerala,35000
L02249,2024-09-11,50000,17.19,36,C,personal,Maharashtra,75000
L02250,2024-11-20,300000,17.46,12,C,vehicle,Karnataka,25000
L02251,2024-07-04,1000000,26.56,12,E,vehicle,Gujarat,50000
L02252,2024-01-22,1000000,17.36,24,C,vehicle,Maharashtra,75000
L02253,2024-06-27,500000,17.84,36,C,personal,Tamil Nadu,25000
L02254,2024-06-26,150000,20.36,36,D,personal,Maharashtra,35000
L02255,2024-02-11,50000,20.16,24,D,vehicle,Gujarat,150000
L02256,2024-10-11,300000,16.88,12,C,consumer_durable,Delhi,25000
L02257,2024-08-23,1000000,25.2,24,E,vehicle,Andhra Pradesh,100000
L02258,2024-10-22,500000,14.42,36,B,personal,Telangana,150000
L02259,2024-07-10,100000,16.1,24,C,business,Maharashtra,35000
L02260,2024-06-05,100000,16.01,12,C,vehicle,West Bengal,25000
L02261,2024-09-10,300000,13.13,12,B,vehicle,Gujarat,100000
L02262,2024-06-12,150000,17.92,24,C,business,Kerala,50000
L02263,2024-01-02,500000,10.78,48,A,consumer_durable,Kerala,100000
L02264,2024-07-27,50000,10.8,12,A,personal,Rajasthan,75000
L02265,2024-12-08,1000000,16.53,48,C,education,Delhi,150000
L02266,2024-10-28,200000,17.32,36,C,business,Kerala,150000
L02267,2024-01-01,500000,26.72,48,E,consumer_durable,Andhra Pradesh,75000
L02268,2024-01-07,150000,16.67,24,C,business,Maharashtra,25000
L02269,2024-03-13,750000,13.63,24,B,business,Karnataka,75000
L02270,2024-11-06,150000,14.16,24,B,vehicle,Telangana,50000
L02271,2024-12-26,100000,13.14,12,B,education,Maharashtra,150000
L02272,2024-01-12,750000,21.68,24,D,personal,Rajasthan,100000
L02273,2024-03-04,300000,20.49,12,D,consumer_durable,West Bengal,75000
L02274,2024-01-10,150000,11.23,36,A,consumer_durable,Gujarat,100000
L02275,2024-10-28,1000000,13.65,24,B,personal,Tamil Nadu,100000
L02276,2024-07-02,750000,16.62,24,C,vehicle,West Bengal,150000
L02277,2024-12-05,150000,21.59,48,D,business,Gujarat,100000
L02278,2024-08-01,300000,10.92,24,A,personal,Andhra Pradesh,25000
L02279,2024-04-23,500000,11.68,12,A,vehicle,Telangana,75000
L02280,2024-10-24,150000,16.2,24,C,personal,Gujarat,100000
L02281,2024-11-12,1000000,17.45,12,C,consumer_durable,Karnataka,25000
L02282,2024-06-18,200000,14.07,12,B,education,Gujarat,100000
L02283,2024-12-04,1000000,16.33,48,C,education,Rajasthan,25000
L02284,2024-08-18,500000,17.83,24,C,personal,Rajasthan,75000
L02285,2024-10-16,150000,17.02,24,C,education,Delhi,50000
L02286,2024-11-04,300000,26.73,24,E,vehicle,Andhra Pradesh,35000
L02287,2024-10-10,150000,11.1,24,A,vehicle,Tamil Nadu,150000
L02288,2024-05-09,50000,25.5,48,E,business,Telangana,150000
L02289,2024-06-19,100000,10.13,24,A,personal,Tamil Nadu,150000
L02290,2024-11-07,50000,16.26,12,C,business,Tamil Nadu,35000
L02291,2024-08-12,150000,21.43,24,D,personal,Telangana,50000
L02292,2024-03-17,50000,17.8,12,C,consumer_durable,Gujarat,25000
L02293,2024-11-27,750000,13.39,12,B,business,Kerala,35000
L02294,2024-06-13,1000000,25.91,12,E,education,Rajasthan,35000
L02295,2024-11-06,100000,11.37,12,A,consumer_durable,Karnataka,75000
L02296,2024-03-19,50000,11.72,24,A,personal,Maharashtra,50000
L02297,2024-07-13,300000,10.13,24,A,vehicle,Kerala,25000
L02298,2024-07-16,200000,21.88,12,D,education,Maharashtra,50000
L02299,2024-07-27,500000,14.94,48,B,consumer_durable,Maharashtra,75000
L02300,2024-02-19,750000,11.86,48,A,business,Gujarat,25000
L02301,2024-05-10,300000,14.56,12,B,consumer_durable,West Bengal,75000
L02302,2024-04-23,300000,26.21,24,E,education,West Bengal,50000
L02303,2024-04-05,750000,10.33,24,A,consumer_durable,Tamil Nadu,75000
L02304,2024-03-09,100000,20.18,24,D,consumer_durable,Tamil Nadu,150000
L02305,2024-03-04,500000,13.53,12,B,education,Andhra Pradesh,100000
L02306,2024-07-05,100000,26.48,24,E,business,Karnataka,150000
L02307,2024-04-18,750000,16.53,36,C,vehicle,Tamil Nadu,150000
L02308,2024-03-12,300000,26.89,12,E,business,Rajasthan,35000
L02309,2024-01-26,300000,11.9,24,A,personal,Karnataka,150000
L02310,2024-06-24,1000000,20.81,36,D,business,Andhra Pradesh,150000
L02311,2024-08-13,300000,14.0,36,B,business,Telangana,50000
L02312,2024-08-28,750000,25.74,36,E,consumer_durable,West Bengal,150000
L02313,2024-02-14,750000,17.92,24,C,business,Tamil Nadu,25000
L02314,2024-09-23,300000,10.74,12,A,education,Gujarat,100000
L02315,2024-06-06,300000,21.02,48,D,education,Tamil Nadu,50000
L02316,2024-07-10,500000,17.15,48,C,vehicle,Karnataka,35000
L02317,2024-06-25,300000,10.27,12,A,business,Tamil Nadu,75000
L02318,2024-11-09,300000,10.11,24,A,vehicle,Tamil Nadu,75000
L02319,2024-05-07,300000,21.55,12,D,consumer_durable,Kerala,75000
L02320,2024-11-01,1000000,10.45,12,A,education,Karnataka,75000
L02321,2024-03-04,500000,26.84,12,E,business,Rajasthan,75000
L02322,2024-04-12,300000,10.64,36,A,vehicle,West Bengal,100000
L02323,2024-11-21,300000,16.53,48,C,personal,Karnataka,75000
L02324,2024-11-01,150000,11.74,48,A,business,Tamil Nadu,35000
L02325,2024-10-14,1000000,20.91,48,D,business,West Bengal,35000
L02326,2024-01-21,50000,10.22,12,A,business,Tamil Nadu,75000
L02327,2024-06-11,100000,25.05,12,E,personal,Maharashtra,35000
L02328,2024-02-10,150000,14.46,24,B,business,Andhra Pradesh,150000
L02329,2024-01-20,200000,20.24,36,D,vehicle,Kerala,150000
L02330,2024-09-26,200000,17.53,12,C,consumer_durable,Tamil Nadu,25000
L02331,2024-06-12,200000,10.76,24,A,education,West Bengal,35000
L02332,2024-03-19,50000,21.2,48,D,vehicle,Gujarat,35000
L02333,2024-11-22,500000,17.65,24,C,vehicle,Tamil Nadu,35000
L02334,2024-10-07,1000000,10.45,24,A,personal,Delhi,50000
L02335,2024-04-05,200000,21.56,24,D,consumer_durable,West Bengal,25000
L02336,2024-02-02,50000,13.94,48,B,personal,Rajasthan,35000
L02337,2024-02-25,1000000,14.58,24,B,vehicle,West Bengal,25000
L02338,2024-07-04,1000000,10.25,36,A,education,Telangana,100000
L02339,2024-08-22,150000,17.41,48,C,business,Rajasthan,50000
L02340,2024-08-25,1000000,16.4,36,C,vehicle,Tamil Nadu,35000
L02341,2024-03-05,200000,26.96,24,E,education,Maharashtra,150000
L02342,2024-03-12,300000,10.51,24,A,vehicle,Tamil Nadu,150000
L02343,2024-03-27,750000,25.11,36,E,vehicle,Gujarat,150000
L02344,2024-11-26,750000,10.48,48,A,vehicle,Karnataka,150000
L02345,2024-11-26,50000,10.54,48,A,business,Karnataka,35000
L02346,2024-09-10,500000,10.46,12,A,education,Gujarat,35000
L02347,2024-07-06,100000,10.44,48,A,personal,Rajasthan,50000
L02348,2024-12-16,200000,17.14,36,C,consumer_durable,Karnataka,50000
L02349,2024-06-09,1000000,16.09,12,C,vehicle,Karnataka,50000
L02350,2024-10-25,300000,10.14,36,A,business,West Bengal,50000
L02351,2024-07-19,100000,11.15,24,A,education,Gujarat,75000
L02352,2024-01-16,500000,14.61,12,B,vehicle,Maharashtra,50000
L02353,2024-02-20,150000,11.33,48,A,personal,Tamil Nadu,150000
L02354,2024-04-19,150000,16.61,24,C,consumer_durable,Kerala,75000
L02355,2024-10-17,1000000,13.81,48,B,vehicle,Karnataka,35000
L02356,2024-10-25,1000000,13.46,24,B,vehicle,Andhra Pradesh,150000
L02357,2024-06-23,50000,13.92,48,B,education,West Bengal,50000
L02358,2024-11-19,200000,11.88,36,A,vehicle,Karnataka,100000
L02359,2024-04-01,750000,10.66,36,A,vehicle,Telangana,25000
L02360,2024-02-12,150000,10.24,12,A,business,Andhra Pradesh,75000
L02361,2024-08-26,300000,11.13,36,A,consumer_durable,Maharashtra,150000
L02362,2024-09-15,150000,10.84,48,A,business,Delhi,100000
L02363,2024-05-19,750000,16.99,48,C,education,Andhra Pradesh,50000
L02364,2024-04-13,100000,20.84,36,D,consumer_durable,Maharashtra,50000
L02365,2024-04-12,50000,20.05,36,D,vehicle,Andhra Pradesh,35000
L02366,2024-10-14,750000,11.95,24,A,consumer_durable,Andhra Pradesh,25000
L02367,2024-12-13,500000,10.27,24,A,business,Telangana,25000
L02368,2024-03-12,1000000,17.44,36,C,personal,Tamil Nadu,100000
L02369,2024-07-10,750000,11.35,24,A,personal,Gujarat,100000
L02370,2024-06-10,500000,11.22,48,A,consumer_durable,Telangana,50000
L02371,2024-05-24,300000,26.75,24,E,business,Delhi,25000
L02372,2024-07-19,300000,17.22,24,C,education,Telangana,150000
L02373,2024-08-10,300000,25.55,24,E,education,Delhi,75000
L02374,2024-01-19,150000,10.29,36,A,education,West Bengal,35000
L02375,2024-04-19,1000000,17.45,36,C,personal,Telangana,35000
L02376,2024-10-15,50000,12.0,24,A,personal,Tamil Nadu,25000
L02377,2024-05-28,50000,20.96,36,D,vehicle,Delhi,150000
L02378,2024-08-26,750000,16.74,24,C,vehicle,Maharashtra,35000
L02379,2024-07-28,300000,10.56,36,A,consumer_durable,Karnataka,35000
L02380,2024-01-05,200000,17.13,36,C,personal,Tamil Nadu,25000
L02381,2024-07-28,1000000,10.67,36,A,education,Kerala,75000
L02382,2024-08-01,500000,11.26,48,A,personal,Kerala,100000
L02383,2024-06-18,100000,10.52,36,A,vehicle,Delhi,150000
L02384,2024-02-08,750000,13.44,36,B,personal,Telangana,50000
L02385,2024-03-22,200000,21.66,24,D,personal,Telangana,35000
L02386,2024-07-07,300000,13.37,12,B,personal,Delhi,35000
L02387,2024-12-22,750000,17.01,48,C,education,Maharashtra,25000
L02388,2024-03-19,500000,14.42,36,B,consumer_durable,Kerala,25000
L02389,2024-08-15,100000,11.29,36,A,personal,Andhra Pradesh,50000
L02390,2024-06-02,50000,10.6,24,A,vehicle,Rajasthan,50000
L02391,2024-09-20,150000,25.32,36,E,consumer_durable,West Bengal,50000
L02392,2024-03-07,500000,11.46,24,A,vehicle,Rajasthan,35000
L02393,2024-01-05,200000,16.02,36,C,consumer_durable,Kerala,25000
L02394,2024-04-07,50000,10.46,36,A,consumer_durable,Andhra Pradesh,75000
L02395,2024-07-26,100000,11.34,48,A,business,Maharashtra,75000
L02396,2024-10-20,150000,21.55,36,D,business,Telangana,150000
L02397,2024-04-02,300000,11.28,12,A,vehicle,Telangana,150000
L02398,2024-03-08,300000,17.63,12,C,vehicle,Delhi,150000
L02399,2024-09-10,150000,20.09,48,D,personal,Kerala,150000
L02400,2024-12-06,50000,16.18,24,C,vehicle,Delhi,25000
L02401,2024-12-14,50000,20.88,36,D,education,Andhra Pradesh,150000
L02402,2024-08-21,100000,17.66,48,C,business,Delhi,75000
L02403,2024-01-13,150000,11.85,36,A,education,Telangana,100000
L02404,2024-11-16,1000000,20.31,24,D,business,Rajasthan,25000
L02405,2024-10-26,500000,11.2,36,A,consumer_durable,West Bengal,100000
L02406,2024-12-24,300000,11.83,24,A,vehicle,Andhra Pradesh,35000
L02407,2024-02-26,1000000,17.15,24,C,personal,Tamil Nadu,25000
L02408,2024-08-17,50000,10.24,12,A,vehicle,Gujarat,150000
L02409,2024-02-15,50000,14.34,12,B,consumer_durable,Delhi,150000
L02410,2024-06-04,200000,11.2,36,A,business,Tamil Nadu,100000
L02411,2024-03-06,100000,13.99,24,B,consumer_durable,West Bengal,150000
L02412,2024-03-06,200000,11.12,12,A,business,Delhi,35000
L02413,2024-11-11,750000,10.35,36,A,education,West Bengal,35000
L02414,2024-04-07,50000,21.38,36,D,business,Delhi,75000
L02415,2024-09-16,50000,20.61,36,D,personal,Delhi,75000
L02416,2024-06-20,150000,10.02,48,A,education,Gujarat,25000
L02417,2024-11-15,500000,16.38,48,C,business,Kerala,150000
L02418,2024-11-07,750000,20.85,24,D,education,Gujarat,75000
L02419,2024-08-16,150000,10.9,36,A,vehicle,Tamil Nadu,50000
L02420,2024-07-12,50000,13.84,12,B,vehicle,Kerala,35000
L02421,2024-03-05,500000,11.15,36,A,personal,Karnataka,50000
L02422,2024-03-19,750000,20.44,36,D,business,Kerala,75000
L02423,2024-12-26,200000,10.93,24,A,consumer_durable,Tamil Nadu,100000
L02424,2024-07-03,150000,16.09,36,C,business,Kerala,100000
L02425,2024-04-24,500000,10.19,12,A,vehicle,Rajasthan,25000
L02426,2024-03-03,200000,11.41,12,A,vehicle,Tamil Nadu,25000
L02427,2024-06-24,150000,26.56,36,E,education,Karnataka,150000
L02428,2024-09-14,150000,14.74,48,B,consumer_durable,Delhi,25000
L02429,2024-05-18,100000,11.06,12,A,consumer_durable,Delhi,50000
L02430,2024-07-06,50000,16.09,48,C,consumer_durable,Rajasthan,75000
L02431,2024-12-13,500000,11.04,48,A,business,West Bengal,150000
L02432,2024-12-05,100000,14.19,24,B,business,Tamil Nadu,25000
L02433,2024-03-03,750000,17.62,24,C,vehicle,Maharashtra,50000
L02434,2024-10-09,50000,16.57,24,C,personal,Delhi,150000
L02435,2024-10-15,100000,13.18,24,B,consumer_durable,Kerala,100000
L02436,2024-09-04,300000,17.15,24,C,education,Telangana,25000
L02437,2024-07-14,50000,16.11,48,C,personal,Tamil Nadu,150000
L02438,2024-04-24,50000,10.7,24,A,education,Gujarat,35000
L02439,2024-01-11,200000,14.75,12,B,business,Tamil Nadu,50000
L02440,2024-01-12,200000,11.1,24,A,consumer_durable,Kerala,35000
L02441,2024-07-18,50000,16.12,48,C,vehicle,Andhra Pradesh,75000
L02442,2024-09-07,200000,25.35,48,E,vehicle,Telangana,75000
L02443,2024-11-04,100000,14.01,48,B,vehicle,West Bengal,75000
L02444,2024-02-01,750000,11.1,12,A,vehicle,Tamil Nadu,150000
L02445,2024-04-23,150000,13.4,24,B,personal,Rajasthan,100000
L02446,2024-03-15,200000,16.7,12,C,education,Andhra Pradesh,50000
L02447,2024-08-16,50000,16.81,48,C,personal,Maharashtra,75000
L02448,2024-03-01,500000,17.65,12,C,business,Telangana,25000
L02449,2024-07-04,1000000,17.21,48,C,education,Karnataka,50000
L02450,2024-09-21,750000,26.16,24,E,education,Delhi,50000
L02451,2024-01-23,150000,17.47,24,C,consumer_durable,West Bengal,50000
L02452,2024-03-20,750000,17.07,36,C,education,Karnataka,35000
L02453,2024-09-19,200000,13.62,24,B,business,Gujarat,35000
L02454,2024-01-25,750000,17.26,48,C,business,Tamil Nadu,100000
L02455,2024-11-16,50000,20.89,24,D,education,West Bengal,75000
L02456,2024-08-19,300000,16.13,48,C,consumer_durable,Maharashtra,100000
L02457,2024-11-16,1000000,10.61,36,A,education,Gujarat,150000
L02458,2024-02-17,300000,16.81,24,C,education,Rajasthan,50000
L02459,2024-08-17,1000000,10.49,36,A,vehicle,West Bengal,150000
L02460,2024-05-25,100000,17.99,12,C,business,Delhi,50000
L02461,2024-09-26,150000,11.33,48,A,personal,Gujarat,35000
L02462,2024-03-15,50000,10.33,12,A,consumer_durable,West Bengal,50000
L02463,2024-09-06,50000,13.04,36,B,education,Delhi,50000
L02464,2024-09-19,200000,13.0,24,B,personal,Gujarat,75000
L02465,2024-12-16,200000,14.24,36,B,personal,Rajasthan,50000
L02466,2024-08-26,200000,13.03,36,B,personal,Maharashtra,25000
L02467,2024-11-13,500000,11.44,12,A,education,Kerala,50000
L02468,2024-06-13,50000,17.82,36,C,personal,Rajasthan,50000
L02469,2024-09-22,200000,17.65,36,C,consumer_durable,Andhra Pradesh,100000
L02470,2024-01-21,1000000,11.83,12,A,education,Andhra Pradesh,35000
L02471,2024-11-25,50000,13.06,24,B,consumer_durable,Gujarat,150000
L02472,2024-05-10,200000,10.54,36,A,vehicle,Kerala,100000
L02473,2024-11-11,750000,25.97,48,E,education,West Bengal,50000
L02474,2024-03-04,50000,10.76,36,A,business,Kerala,100000
L02475,2024-07-25,1000000,13.27,24,B,vehicle,Tamil Nadu,25000
L02476,2024-11-21,500000,16.47,36,C,consumer_durable,Maharashtra,50000
L02477,2024-05-18,1000000,14.8,36,B,business,Gujarat,100000
L02478,2024-02-28,750000,10.65,24,A,education,Telangana,50000
L02479,2024-05-11,100000,11.94,36,A,vehicle,Karnataka,35000
L02480,2024-04-13,50000,16.01,24,C,vehicle,Karnataka,25000
L02481,2024-11-05,1000000,20.47,48,D,consumer_durable,Tamil Nadu,75000
L02482,2024-09-11,200000,17.23,36,C,education,Gujarat,35000
L02483,2024-06-05,300000,10.34,36,A,personal,West Bengal,25000
L02484,2024-10-03,500000,25.98,48,E,personal,Maharashtra,50000
L02485,2024-10-03,50000,20.73,36,D,consumer_durable,Andhra Pradesh,50000
L02486,2024-11-07,200000,11.53,36,A,vehicle,Delhi,75000
L02487,2024-08-04,300000,20.22,36,D,education,Delhi,150000
L02488,2024-05-28,1000000,20.4,24,D,personal,Gujarat,35000
L02489,2024-02-17,50000,13.44,24,B,consumer_durable,Karnataka,25000
L02490,2024-09-20,200000,17.65,24,C,consumer_durable,Maharashtra,100000
L02491,2024-09-03,150000,14.62,36,B,vehicle,Andhra Pradesh,100000
L02492,2024-09-14,50000,13.57,24,B,business,Karnataka,50000
L02493,2024-07-11,1000000,11.38,24,A,business,Telangana,75000
L02494,2024-10-28,50000,20.2,12,D,business,West Bengal,150000
L02495,2024-07-16,300000,13.56,12,B,consumer_durable,Andhra Pradesh,150000
L02496,2024-07-19,150000,14.18,12,B,business,Telangana,35000
L02497,2024-10-09,150000,21.18,48,D,consumer_durable,Delhi,50000
L02498,2024-02-02,50000,11.38,36,A,consumer_durable,Telangana,100000
L02499,2024-11-23,200000,11.67,36,A,vehicle,Karnataka,150000
L02500,2024-05-10,750000,11.33,24,A,business,West Bengal,50000
L02501,2024-11-20,300000,17.24,48,C,education,Gujarat,75000
L02502,2024-08-11,500000,11.65,36,A,education,Tamil Nadu,100000
L02503,2024-02-15,50000,16.36,48,C,education,Kerala,150000
L02504,2024-05-17,100000,21.64,24,D,education,Andhra Pradesh,25000
L02505,2024-09-10,500000,14.5,36,B,business,Karnataka,50000
L02506,2024-03-17,200000,16.85,48,C,education,Karnataka,25000
L02507,2024-04-17,200000,11.28,36,A,consumer_durable,Rajasthan,25000
L02508,2024-08-27,200000,17.22,12,C,business,Gujarat,100000
L02509,2024-10-22,50000,11.48,24,A,personal,Andhra Pradesh,75000
L02510,2024-09-28,500000,13.63,48,B,consumer_durable,Kerala,35000
L02511,2024-11-11,500000,10.18,12,A,consumer_durable,Maharashtra,150000
L02512,2024-01-24,150000,14.35,12,B,personal,Kerala,35000
L02513,2024-09-05,100000,16.02,48,C,business,Tamil Nadu,150000
L02514,2024-12-14,500000,20.24,12,D,education,Maharashtra,150000
L02515,2024-12-04,100000,14.71,12,B,business,Gujarat,25000
L02516,2024-08-07,300000,20.42,48,D,personal,Gujarat,150000
L02517,2024-07-05,1000000,16.41,48,C,personal,Telangana,150000
L02518,2024-04-12,750000,14.14,24,B,education,Maharashtra,150000
L02519,2024-07-03,500000,11.09,36,A,business,Andhra Pradesh,150000
L02520,2024-07-08,500000,11.72,48,A,education,Tamil Nadu,50000
L02521,2024-05-08,100000,13.2,48,B,education,Maharashtra,150000
L02522,2024-03-15,200000,10.94,12,A,vehicle,Rajasthan,100000
L02523,2024-06-08,750000,13.82,36,B,vehicle,Rajasthan,25000
L02524,2024-12-22,300000,13.51,48,B,personal,Maharashtra,25000
L02525,2024-06-21,1000000,17.92,24,C,business,Rajasthan,150000
L02526,2024-01-12,750000,21.66,12,D,personal,Telangana,150000
L02527,2024-04-01,50000,13.27,36,B,vehicle,Andhra Pradesh,75000
L02528,2024-09-28,150000,11.87,12,A,business,Delhi,150000
L02529,2024-10-08,100000,11.06,36,A,vehicle,Maharashtra,100000
L02530,2024-07-09,50000,13.84,12,B,education,Tamil Nadu,35000
L02531,2024-09-15,300000,14.88,36,B,business,Gujarat,25000
L02532,2024-06-18,200000,21.66,48,D,vehicle,Andhra Pradesh,25000
L02533,2024-07-26,200000,13.04,12,B,personal,West Bengal,50000
L02534,2024-04-19,50000,16.41,12,C,education,Andhra Pradesh,35000
L02535,2024-06-17,1000000,14.3,24,B,vehicle,Telangana,75000
L02536,2024-05-04,1000000,10.9,24,A,personal,Kerala,25000
L02537,2024-06-07,100000,17.88,48,C,personal,Tamil Nadu,100000
L02538,2024-03-02,150000,10.7,36,A,personal,Tamil Nadu,35000
L02539,2024-06-15,50000,21.45,48,D,vehicle,Maharashtra,50000
L02540,2024-12-23,100000,16.04,48,C,education,Delhi,25000
L02541,2024-04-27,150000,13.54,12,B,personal,Kerala,75000
L02542,2024-11-05,300000,16.2,24,C,business,Rajasthan,75000
L02543,2024-07-09,1000000,10.3,48,A,vehicle,Tamil Nadu,35000
L02544,2024-03-06,1000000,14.68,36,B,personal,Delhi,150000
L02545,2024-02-04,200000,16.34,12,C,personal,Telangana,50000
L02546,2024-07-07,750000,13.2,12,B,consumer_durable,Maharashtra,35000
L02547,2024-03-02,1000000,14.39,24,B,personal,Maharashtra,100000
L02548,2024-07-24,200000,13.78,24,B,personal,Kerala,50000
L02549,2024-08-16,50000,10.02,36,A,personal,Maharashtra,25000
L02550,2024-10-01,150000,13.67,12,B,consumer_durable,Telangana,100000
L02551,2024-01-21,200000,14.51,48,B,vehicle,Tamil Nadu,25000
L02552,2024-12-17,750000,11.13,48,A,personal,West Bengal,75000
L02553,2024-05-11,100000,10.05,36,A,consumer_durable,Karnataka,75000
L02554,2024-02-16,150000,11.09,12,A,consumer_durable,Delhi,50000
L02555,2024-03-27,50000,11.97,24,A,business,Delhi,35000
L02556,2024-07-01,150000,10.19,24,A,business,Tamil Nadu,35000
L02557,2024-03-24,300000,21.51,12,D,education,Delhi,50000
L02558,2024-08-06,1000000,17.6,48,C,education,Maharashtra,35000
L02559,2024-06-11,750000,17.28,12,C,vehicle,Tamil Nadu,75000
L02560,2024-05-24,1000000,14.21,12,B,vehicle,Delhi,50000
L02561,2024-06-04,500000,21.17,48,D,personal,Tamil Nadu,25000
L02562,2024-09-19,100000,10.64,12,A,vehicle,West Bengal,100000
L02563,2024-09-14,300000,21.47,36,D,consumer_durable,Rajasthan,75000
L02564,2024-08-13,750000,16.25,12,C,personal,Rajasthan,100000
L02565,2024-09-24,1000000,10.52,24,A,consumer_durable,Rajasthan,25000
L02566,2024-08-10,100000,26.14,24,E,personal,West Bengal,50000
L02567,2024-12-25,750000,11.14,24,A,consumer_durable,Kerala,150000
L02568,2024-04-09,200000,17.57,36,C,education,West Bengal,50000
L02569,2024-02-08,50000,14.01,48,B,business,Delhi,75000
L02570,2024-03-07,50000,10.34,48,A,vehicle,Maharashtra,50000
L02571,2024-04-01,50000,21.76,12,D,personal,Maharashtra,100000
L02572,2024-12-23,200000,14.59,48,B,consumer_durable,Telangana,100000
L02573,2024-09-19,50000,10.01,12,A,personal,Delhi,25000
L02574,2024-02-13,50000,13.05,24,B,vehicle,Tamil Nadu,150000
L02575,2024-10-22,1000000,14.48,48,B,education,Maharashtra,75000
L02576,2024-02-28,500000,10.6,48,A,consumer_durable,Delhi,75000
L02577,2024-10-27,50000,10.05,36,A,vehicle,Telangana,75000
L02578,2024-04-15,100000,11.45,12,A,personal,Rajasthan,25000
L02579,2024-06-17,500000,14.39,24,B,education,Delhi,35000
L02580,2024-11-01,200000,26.27,12,E,business,Telangana,50000
L02581,2024-01-15,300000,16.83,36,C,consumer_durable,Kerala,100000
L02582,2024-12-09,300000,17.16,48,C,consumer_durable,Andhra Pradesh,35000
L02583,2024-03-09,100000,16.12,12,C,vehicle,Rajasthan,25000
L02584,2024-11-08,150000,17.84,48,C,education,Delhi,25000
L02585,2024-09-12,750000,10.28,12,A,consumer_durable,Delhi,150000
L02586,2024-06-21,150000,13.94,24,B,consumer_durable,Delhi,35000
L02587,2024-08-01,200000,25.69,12,E,business,Karnataka,35000
L02588,2024-06-04,150000,17.1,12,C,consumer_durable,Karnataka,150000
L02589,2024-01-10,500000,10.69,48,A,personal,Maharashtra,25000
L02590,2024-05-14,150000,13.44,48,B,personal,Maharashtra,25000
L02591,2024-08-03,200000,11.04,12,A,personal,Tamil Nadu,35000
L02592,2024-11-14,150000,26.14,12,E,business,Karnataka,35000
L02593,2024-12-12,300000,11.89,12,A,consumer_durable,West Bengal,75000
L02594,2024-12-25,200000,17.91,36,C,business,West Bengal,150000
L02595,2024-03-15,300000,11.31,48,A,vehicle,Delhi,75000
L02596,2024-02-11,50000,20.21,24,D,personal,Gujarat,75000
L02597,2024-05-16,200000,17.93,24,C,business,Telangana,50000
L02598,2024-07-18,750000,13.17,24,B,vehicle,Gujarat,25000
L02599,2024-11-06,150000,17.65,48,C,consumer_durable,Maharashtra,100000
L02600,2024-07-12,750000,14.41,48,B,vehicle,Tamil Nadu,50000
L02601,2024-07-28,1000000,26.77,48,E,education,Delhi,100000
L02602,2024-11-06,1000000,11.66,12,A,vehicle,Gujarat,25000
L02603,2024-05-17,100000,11.61,48,A,business,Tamil Nadu,35000
L02604,2024-05-02,300000,11.62,36,A,consumer_durable,West Bengal,100000
L02605,2024-06-26,100000,10.3,48,A,business,Kerala,150000
L02606,2024-10-26,150000,16.71,24,C,personal,West Bengal,150000
L02607,2024-02-25,300000,17.29,12,C,personal,Kerala,75000
L02608,2024-08-08,100000,17.06,12,C,consumer_durable,Telangana,50000
L02609,2024-09-26,300000,11.0,24,A,personal,Rajasthan,100000
L02610,2024-07-13,750000,11.07,36,A,personal,Gujarat,25000
L02611,2024-03-27,50000,20.36,36,D,business,Telangana,150000
L02612,2024-03-08,100000,17.6,12,C,personal,West Bengal,25000
L02613,2024-04-16,750000,13.01,24,B,personal,Rajasthan,75000
L02614,2024-01-23,50000,10.41,24,A,personal,Kerala,75000
L02615,2024-05-02,50000,13.16,12,B,vehicle,Delhi,75000
L02616,2024-12-16,200000,20.21,12,D,education,Andhra Pradesh,150000
L02617,2024-02-21,50000,14.56,48,B,vehicle,Gujarat,150000
L02618,2024-05-04,50000,17.44,36,C,consumer_durable,Rajasthan,50000
L02619,2024-02-07,50000,21.26,48,D,business,Telangana,50000
L02620,2024-03-18,100000,13.05,48,B,education,Maharashtra,75000
L02621,2024-01-23,1000000,11.2,24,A,consumer_durable,Karnataka,75000
L02622,2024-09-04,50000,11.11,48,A,vehicle,Tamil Nadu,35000
L02623,2024-08-25,750000,16.5,12,C,education,Telangana,75000
L02624,2024-07-18,200000,13.08,12,B,personal,Tamil Nadu,50000
L02625,2024-08-28,500000,14.57,12,B,personal,Tamil Nadu,150000
L02626,2024-03-07,300000,10.39,48,A,vehicle,Tamil Nadu,25000
L02627,2024-07-20,50000,14.58,48,B,education,Gujarat,75000
L02628,2024-08-22,1000000,10.04,36,A,personal,West Bengal,100000
L02629,2024-06-23,200000,17.16,24,C,personal,Gujarat,25000
L02630,2024-03-13,750000,17.79,12,C,personal,Andhra Pradesh,25000
L02631,2024-11-17,500000,10.09,36,A,vehicle,Delhi,35000
L02632,2024-04-19,100000,17.24,24,C,business,Rajasthan,50000
L02633,2024-05-04,200000,13.05,48,B,education,Karnataka,25000
L02634,2024-02-12,200000,13.09,12,B,consumer_durable,Andhra Pradesh,150000
L02635,2024-07-23,750000,14.4,24,B,vehicle,Kerala,50000
L02636,2024-06-01,100000,10.19,12,A,business,Andhra Pradesh,75000
L02637,2024-10-26,150000,10.98,48,A,personal,Gujarat,75000
L02638,2024-02-05,500000,10.64,12,A,consumer_durable,Andhra Pradesh,50000
L02639,2024-06-25,150000,20.47,48,D,education,Karnataka,50000
L02640,2024-11-02,150000,13.75,48,B,vehicle,Telangana,150000
L02641,2024-05-14,150000,13.59,36,B,business,West Bengal,75000
L02642,2024-08-04,50000,13.72,12,B,consumer_durable,Telangana,25000
L02643,2024-07-26,1000000,20.25,36,D,consumer_durable,Rajasthan,150000
L02644,2024-01-07,1000000,17.33,12,C,consumer_durable,Gujarat,50000
L02645,2024-08-10,50000,26.55,12,E,business,Rajasthan,50000
L02646,2024-03-19,150000,16.77,24,C,business,Delhi,75000
L02647,2024-08-06,750000,17.96,36,C,personal,Andhra Pradesh,75000
L02648,2024-11-13,150000,13.02,24,B,vehicle,Andhra Pradesh,25000
L02649,2024-04-24,200000,21.89,48,D,consumer_durable,West Bengal,150000
L02650,2024-09-14,150000,10.44,48,A,education,Maharashtra,75000
L02651,2024-09-17,50000,21.59,48,D,education,Telangana,35000
L02652,2024-04-09,500000,11.56,12,A,business,Maharashtra,150000
L02653,2024-10-14,150000,13.95,12,B,business,Kerala,75000
L02654,2024-06-07,300000,14.55,36,B,consumer_durable,Andhra Pradesh,25000
L02655,2024-06-12,1000000,17.0,36,C,vehicle,West Bengal,25000
L02656,2024-09-09,50000,16.48,24,C,vehicle,Andhra Pradesh,35000
L02657,2024-04-06,150000,20.91,12,D,vehicle,Tamil Nadu,150000
L02658,2024-02-27,100000,10.21,48,A,business,Andhra Pradesh,75000
L02659,2024-03-02,1000000,16.21,36,C,vehicle,Kerala,100000
L02660,2024-09-13,300000,13.54,24,B,personal,Gujarat,35000
L02661,2024-01-07,750000,26.91,24,E,vehicle,Maharashtra,35000
L02662,2024-05-06,50000,16.19,48,C,business,Andhra Pradesh,25000
L02663,2024-08-15,50000,11.74,12,A,vehicle,Karnataka,75000
L02664,2024-01-11,1000000,21.77,12,D,personal,Delhi,100000
L02665,2024-08-06,150000,10.83,36,A,business,West Bengal,100000
L02666,2024-08-06,100000,11.73,36,A,consumer_durable,West Bengal,35000
L02667,2024-10-02,50000,21.08,48,D,business,Delhi,25000
L02668,2024-10-27,500000,11.23,36,A,personal,Kerala,35000
L02669,2024-12-06,200000,16.25,48,C,vehicle,Rajasthan,25000
L02670,2024-04-12,100000,11.64,12,A,business,Kerala,75000
L02671,2024-08-13,750000,11.44,36,A,vehicle,Andhra Pradesh,35000
L02672,2024-04-19,300000,13.71,48,B,business,Kerala,150000
L02673,2024-12-01,500000,16.05,48,C,business,Maharashtra,75000
L02674,2024-01-06,500000,17.51,12,C,education,Maharashtra,150000
L02675,2024-03-20,100000,17.13,12,C,vehicle,Tamil Nadu,25000
L02676,2024-04-20,300000,21.76,12,D,business,Delhi,100000
L02677,2024-03-06,50000,14.17,36,B,vehicle,Telangana,35000
L02678,2024-02-02,150000,10.49,24,A,business,Gujarat,50000
L02679,2024-12-08,50000,20.23,36,D,business,Gujarat,150000
L02680,2024-07-19,50000,16.45,36,C,vehicle,Kerala,35000
L02681,2024-03-10,200000,16.39,24,C,consumer_durable,Tamil Nadu,100000
L02682,2024-01-12,50000,14.62,24,B,personal,Tamil Nadu,50000
L02683,2024-10-02,100000,16.32,48,C,business,Kerala,75000
L02684,2024-02-05,150000,14.9,24,B,consumer_durable,West Bengal,35000
L02685,2024-06-09,1000000,10.62,24,A,personal,Maharashtra,75000
L02686,2024-10-07,300000,11.28,48,A,business,Kerala,25000
L02687,2024-02-23,150000,16.79,24,C,personal,Andhra Pradesh,50000
L02688,2024-07-28,750000,10.26,36,A,consumer_durable,Gujarat,35000
L02689,2024-02-05,750000,16.5,12,C,education,West Bengal,25000
L02690,2024-10-19,200000,13.05,24,B,education,Delhi,50000
L02691,2024-03-23,300000,20.12,12,D,personal,Gujarat,150000
L02692,2024-06-04,500000,10.71,36,A,vehicle,Tamil Nadu,25000
L02693,2024-11-27,100000,16.6,12,C,education,Andhra Pradesh,75000
L02694,2024-05-15,1000000,21.28,24,D,business,Delhi,35000
L02695,2024-04-23,100000,11.0,36,A,business,Rajasthan,25000
L02696,2024-09-16,50000,16.61,48,C,personal,West Bengal,75000
L02697,2024-04-25,200000,17.92,24,C,education,Kerala,100000
L02698,2024-10-02,100000,13.72,24,B,business,Andhra Pradesh,150000
L02699,2024-05-02,300000,14.92,36,B,education,Gujarat,150000
L02700,2024-09-06,200000,14.66,36,B,consumer_durable,Andhra Pradesh,35000
L02701,2024-09-09,150000,13.04,48,B,consumer_durable,Tamil Nadu,150000
L02702,2024-04-28,150000,16.72,36,C,business,Karnataka,100000
L02703,2024-06-01,150000,13.35,12,B,education,Tamil Nadu,50000
L02704,2024-05-15,750000,16.34,24,C,education,West Bengal,35000
L02705,2024-11-01,300000,17.76,12,C,vehicle,Tamil Nadu,35000
L02706,2024-10-06,100000,20.57,12,D,personal,Kerala,150000
L02707,2024-12-15,750000,16.34,12,C,vehicle,West Bengal,75000
L02708,2024-01-19,500000,11.66,36,A,consumer_durable,Telangana,35000
L02709,2024-01-23,300000,11.29,24,A,education,Karnataka,25000
L02710,2024-04-12,100000,17.15,24,C,education,Kerala,35000
L02711,2024-02-03,300000,11.67,24,A,consumer_durable,Maharashtra,150000
L02712,2024-03-15,50000,11.86,48,A,personal,Gujarat,75000
L02713,2024-12-14,100000,11.85,12,A,consumer_durable,West Bengal,35000
L02714,2024-12-12,200000,14.42,12,B,personal,Kerala,50000
L02715,2024-07-03,150000,10.4,48,A,consumer_durable,Tamil Nadu,35000
L02716,2024-04-26,200000,17.97,48,C,personal,Maharashtra,150000
L02717,2024-02-14,300000,25.57,36,E,vehicle,Telangana,150000
L02718,2024-05-04,500000,10.55,24,A,consumer_durable,Tamil Nadu,75000
L02719,2024-08-14,750000,14.05,12,B,consumer_durable,Telangana,50000
L02720,2024-01-27,150000,17.25,36,C,consumer_durable,Karnataka,75000
L02721,2024-09-15,500000,13.2,12,B,personal,Andhra Pradesh,100000
L02722,2024-12-06,200000,16.34,12,C,vehicle,Delhi,100000
L02723,2024-05-03,300000,10.53,48,A,vehicle,Telangana,50000
L02724,2024-09-27,500000,14.59,48,B,education,Delhi,75000
L02725,2024-05-25,50000,13.33,36,B,vehicle,West Bengal,35000
L02726,2024-08-06,50000,13.56,24,B,education,West Bengal,150000
L02727,2024-01-20,100000,17.31,36,C,vehicle,Rajasthan,50000
L02728,2024-05-06,500000,16.96,12,C,consumer_durable,Delhi,35000
L02729,2024-01-19,50000,14.67,24,B,consumer_durable,Rajasthan,25000
L02730,2024-08-28,750000,10.1,48,A,personal,Delhi,35000
L02731,2024-08-02,300000,13.55,48,B,consumer_durable,Karnataka,100000
L02732,2024-05-14,500000,17.76,48,C,vehicle,West Bengal,35000
L02733,2024-05-23,100000,13.74,12,B,education,Gujarat,100000
L02734,2024-03-15,50000,17.88,48,C,vehicle,Kerala,25000
L02735,2024-12-15,300000,10.67,48,A,personal,Delhi,35000
L02736,2024-01-08,750000,13.07,24,B,consumer_durable,Delhi,75000
L02737,2024-07-16,200000,16.42,48,C,vehicle,Maharashtra,75000
L02738,2024-03-06,100000,14.1,24,B,consumer_durable,West Bengal,75000
L02739,2024-10-01,300000,21.55,48,D,education,Rajasthan,75000
L02740,2024-01-13,500000,14.35,48,B,vehicle,Kerala,75000
L02741,2024-12-20,150000,11.39,48,A,consumer_durable,Maharashtra,150000
L02742,2024-11-21,500000,21.7,36,D,education,Tamil Nadu,35000
L02743,2024-11-28,1000000,20.12,48,D,personal,Rajasthan,75000
L02744,2024-07-07,1000000,16.06,24,C,personal,Karnataka,75000
L02745,2024-10-19,50000,16.95,24,C,education,Kerala,25000
L02746,2024-09-05,150000,16.98,48,C,business,Telangana,35000
L02747,2024-01-18,1000000,14.48,48,B,business,Kerala,50000
L02748,2024-04-23,300000,10.32,24,A,personal,Telangana,50000
L02749,2024-06-25,50000,13.23,48,B,consumer_durable,Maharashtra,75000
L02750,2024-09-15,100000,17.23,24,C,personal,Gujarat,50000
L02751,2024-05-08,150000,26.92,36,E,vehicle,Maharashtra,150000
L02752,2024-09-04,100000,10.93,48,A,consumer_durable,Rajasthan,25000
L02753,2024-05-22,750000,14.91,24,B,personal,Gujarat,150000
L02754,2024-11-28,50000,13.21,36,B,education,Tamil Nadu,150000
L02755,2024-08-25,500000,13.0,12,B,personal,Andhra Pradesh,25000
L02756,2024-05-02,150000,25.82,48,E,personal,Telangana,25000
L02757,2024-02-15,50000,14.04,24,B,consumer_durable,Tamil Nadu,100000
L02758,2024-11-28,750000,11.1,36,A,business,Rajasthan,50000
L02759,2024-01-15,50000,17.32,24,C,education,Rajasthan,150000
L02760,2024-03-21,500000,14.9,48,B,business,Karnataka,25000
L02761,2024-10-22,50000,13.85,12,B,education,West Bengal,25000
L02762,2024-03-01,1000000,10.81,12,A,education,Tamil Nadu,25000
L02763,2024-11-25,100000,10.91,24,A,consumer_durable,Telangana,150000
L02764,2024-04-11,300000,20.56,48,D,vehicle,Delhi,50000
L02765,2024-02-06,1000000,26.8,12,E,business,Tamil Nadu,50000
L02766,2024-10-01,500000,10.43,12,A,vehicle,Telangana,75000
L02767,2024-05-19,50000,13.37,48,B,consumer_durable,Maharashtra,35000
L02768,2024-05-08,1000000,16.0,48,C,business,Tamil Nadu,150000
L02769,2024-12-25,500000,13.71,48,B,business,Rajasthan,25000
L02770,2024-05-22,1000000,17.58,12,C,vehicle,West Bengal,150000
L02771,2024-12-19,150000,10.24,48,A,consumer_durable,Telangana,100000
L02772,2024-04-05,750000,13.82,24,B,consumer_durable,Maharashtra,75000
L02773,2024-10-17,1000000,14.21,48,B,business,Kerala,25000
L02774,2024-08-28,300000,11.13,24,A,vehicle,Maharashtra,50000
L02775,2024-07-19,750000,10.37,24,A,personal,West Bengal,75000
L02776,2024-10-19,1000000,14.9,48,B,vehicle,Telangana,50000
L02777,2024-12-20,150000,14.18,24,B,vehicle,Gujarat,100000
L02778,2024-08-23,750000,17.11,48,C,consumer_durable,Kerala,35000
L02779,2024-02-08,750000,13.02,36,B,education,Tamil Nadu,25000
L02780,2024-04-04,300000,14.79,36,B,vehicle,Kerala,100000
L02781,2024-03-13,100000,16.31,12,C,personal,Maharashtra,25000
L02782,2024-11-23,50000,11.3,48,A,consumer_durable,Tamil Nadu,100000
L02783,2024-05-24,100000,17.91,24,C,personal,Delhi,150000
L02784,2024-02-01,100000,25.44,24,E,education,Kerala,75000
L02785,2024-10-20,1000000,13.26,48,B,business,West Bengal,50000
L02786,2024-01-11,150000,10.59,24,A,personal,Rajasthan,35000
L02787,2024-08-14,200000,10.06,48,A,education,Karnataka,100000
L02788,2024-10-27,750000,25.25,12,E,business,West Bengal,100000
L02789,2024-11-12,50000,10.17,24,A,personal,Andhra Pradesh,100000
L02790,2024-07-19,100000,14.87,36,B,consumer_durable,Tamil Nadu,150000
L02791,2024-01-10,300000,21.7,24,D,business,Andhra Pradesh,50000
L02792,2024-02-22,150000,10.64,24,A,consumer_durable,Kerala,50000
L02793,2024-08-16,100000,20.03,48,D,vehicle,Tamil Nadu,25000
L02794,2024-07-03,500000,13.12,24,B,personal,Tamil Nadu,150000
L02795,2024-09-16,100000,14.18,24,B,vehicle,Andhra Pradesh,25000
L02796,2024-05-09,150000,11.62,48,A,business,Rajasthan,100000
L02797,2024-01-15,300000,10.99,48,A,vehicle,Telangana,50000
L02798,2024-08-14,50000,26.38,36,E,personal,Kerala,25000
L02799,2024-12-18,50000,17.95,36,C,personal,Andhra Pradesh,150000
L02800,2024-10-12,150000,11.73,12,A,business,Gujarat,75000
L02801,2024-02-18,300000,10.07,36,A,education,Maharashtra,50000
L02802,2024-02-11,100000,14.46,48,B,business,Delhi,150000
L02803,2024-04-20,750000,21.34,12,D,consumer_durable,Maharashtra,150000
L02804,2024-05-01,1000000,13.01,24,B,personal,Delhi,50000
L02805,2024-01-25,100000,21.08,24,D,education,Rajasthan,35000
L02806,2024-10-13,50000,11.36,48,A,vehicle,Maharashtra,35000
L02807,2024-05-21,750000,14.37,12,B,consumer_durable,Rajasthan,100000
L02808,2024-10-23,750000,10.64,36,A,personal,West Bengal,50000
L02809,2024-12-08,200000,17.73,36,C,consumer_durable,Tamil Nadu,35000
L02810,2024-08-10,200000,11.21,36,A,personal,Rajasthan,100000
L02811,2024-09-24,750000,20.97,48,D,personal,Kerala,35000
L02812,2024-10-03,100000,11.2,36,A,vehicle,Karnataka,25000
L02813,2024-07-04,150000,11.62,12,A,business,Rajasthan,50000
L02814,2024-07-08,50000,13.69,24,B,personal,Karnataka,100000
L02815,2024-08-26,50000,16.59,24,C,vehicle,Maharashtra,50000
L02816,2024-08-16,1000000,11.36,36,A,business,Delhi,50000
L02817,2024-11-22,50000,14.73,24,B,vehicle,Karnataka,75000
L02818,2024-02-27,300000,16.78,36,C,vehicle,Kerala,50000
L02819,2024-07-05,1000000,14.61,48,B,vehicle,Telangana,50000
L02820,2024-06-08,750000,17.85,12,C,vehicle,West Bengal,25000
L02821,2024-06-16,300000,16.03,48,C,personal,Telangana,75000
L02822,2024-01-13,50000,13.66,24,B,personal,West Bengal,75000
L02823,2024-03-24,50000,10.74,12,A,consumer_durable,Delhi,25000
L02824,2024-04-19,100000,16.02,12,C,education,Karnataka,35000
L02825,2024-03-12,200000,11.28,24,A,personal,Kerala,50000
L02826,2024-08-25,200000,14.53,36,B,education,Andhra Pradesh,150000
L02827,2024-10-21,200000,17.71,24,C,consumer_durable,Maharashtra,25000
L02828,2024-08-12,750000,16.09,48,C,business,Gujarat,50000
L02829,2024-05-24,150000,20.09,36,D,business,Gujarat,35000
L02830,2024-11-18,100000,14.11,12,B,education,Kerala,75000
L02831,2024-05-27,500000,14.06,36,B,business,West Bengal,75000
L02832,2024-11-12,150000,11.19,24,A,personal,Andhra Pradesh,100000
L02833,2024-07-01,500000,14.4,24,B,consumer_durable,Karnataka,75000
L02834,2024-01-15,300000,21.08,12,D,business,Andhra Pradesh,150000
L02835,2024-07-01,750000,11.8,24,A,vehicle,Gujarat,25000
L02836,2024-06-07,500000,13.05,12,B,personal,Andhra Pradesh,35000
L02837,2024-02-11,100000,16.85,48,C,personal,Gujarat,100000
L02838,2024-03-09,50000,13.75,36,B,personal,Telangana,35000
L02839,2024-05-02,300000,16.88,48,C,business,Gujarat,35000
L02840,2024-08-19,500000,11.39,12,A,business,Andhra Pradesh,25000
L02841,2024-09-21,100000,14.52,48,B,consumer_durable,Delhi,150000
L02842,2024-07-04,200000,13.86,24,B,vehicle,Gujarat,150000
L02843,2024-09-15,300000,17.25,48,C,education,Maharashtra,50000
L02844,2024-04-24,50000,17.54,48,C,consumer_durable,Karnataka,100000
L02845,2024-02-19,50000,11.61,24,A,vehicle,Maharashtra,100000
L02846,2024-04-28,1000000,13.48,24,B,education,Andhra Pradesh,35000
L02847,2024-07-10,150000,16.42,36,C,personal,Tamil Nadu,100000
L02848,2024-03-27,500000,20.48,48,D,consumer_durable,West Bengal,100000
L02849,2024-08-16,150000,20.52,24,D,education,Tamil Nadu,35000
L02850,2024-01-05,500000,17.3,24,C,vehicle,Maharashtra,100000
L02851,2024-10-07,50000,10.13,24,A,vehicle,Rajasthan,50000
L02852,2024-08-22,200000,11.92,12,A,education,Kerala,100000
L02853,2024-08-11,50000,11.6,36,A,personal,Gujarat,50000
L02854,2024-01-15,150000,17.79,36,C,consumer_durable,Kerala,150000
L02855,2024-04-04,100000,16.4,12,C,personal,West Bengal,50000
L02856,2024-03-25,200000,26.35,48,E,vehicle,Tamil Nadu,75000
L02857,2024-02-14,1000000,13.44,12,B,consumer_durable,West Bengal,50000
L02858,2024-08-01,50000,17.85,24,C,education,Gujarat,25000
L02859,2024-06-06,50000,10.67,36,A,vehicle,Delhi,25000
L02860,2024-12-10,50000,17.28,12,C,vehicle,Andhra Pradesh,50000
L02861,2024-06-17,750000,10.95,24,A,consumer_durable,Andhra Pradesh,75000
L02862,2024-07-27,50000,11.68,24,A,personal,Maharashtra,35000
L02863,2024-11-12,200000,17.61,48,C,business,West Bengal,150000
L02864,2024-10-16,1000000,10.53,24,A,personal,Rajasthan,35000
L02865,2024-09-23,1000000,26.5,36,E,education,Karnataka,50000
L02866,2024-12-20,750000,16.07,36,C,business,Maharashtra,50000
L02867,2024-07-25,200000,16.29,48,C,business,Telangana,35000
L02868,2024-05-13,200000,11.95,12,A,vehicle,Karnataka,35000
L02869,2024-02-11,100000,17.32,36,C,education,Gujarat,35000
L02870,2024-03-22,50000,11.4,48,A,consumer_durable,Tamil Nadu,35000
L02871,2024-05-06,300000,21.88,24,D,business,West Bengal,150000
L02872,2024-09-25,1000000,13.13,24,B,vehicle,Telangana,75000
L02873,2024-11-18,1000000,13.12,36,B,personal,West Bengal,100000
L02874,2024-04-23,100000,11.97,36,A,education,Gujarat,75000
L02875,2024-11-11,300000,13.78,48,B,consumer_durable,Kerala,50000
L02876,2024-11-18,750000,13.39,24,B,personal,Kerala,75000
L02877,2024-01-27,750000,11.61,12,A,education,Tamil Nadu,75000
L02878,2024-02-14,750000,10.26,36,A,business,Gujarat,150000
L02879,2024-06-16,750000,14.9,48,B,business,Gujarat,50000
L02880,2024-03-09,500000,20.2,48,D,consumer_durable,Delhi,25000
L02881,2024-06-17,750000,11.05,48,A,education,Tamil Nadu,50000
L02882,2024-07-12,500000,16.14,36,C,business,Karnataka,35000
L02883,2024-05-03,300000,11.72,48,A,business,Maharashtra,35000
L02884,2024-07-18,200000,20.4,48,D,personal,Rajasthan,35000
L02885,2024-12-03,1000000,21.73,48,D,personal,Telangana,75000
L02886,2024-05-05,300000,11.62,24,A,education,West Bengal,25000
L02887,2024-09-20,500000,11.46,24,A,personal,Kerala,50000
L02888,2024-10-01,200000,16.54,48,C,personal,Kerala,75000
L02889,2024-05-11,1000000,16.27,24,C,education,Delhi,25000
L02890,2024-09-01,750000,11.22,36,A,business,Maharashtra,75000
L02891,2024-08-10,750000,11.5,12,A,education,Gujarat,75000
L02892,2024-11-01,200000,17.15,36,C,education,Rajasthan,25000
L02893,2024-12-20,750000,10.0,36,A,business,Tamil Nadu,150000
L02894,2024-02-12,50000,21.6,24,D,business,Rajasthan,50000
L02895,2024-05-05,50000,16.94,12,C,vehicle,Karnataka,100000
L02896,2024-09-14,1000000,16.94,48,C,business,Kerala,50000
L02897,2024-02-17,100000,26.31,48,E,business,Rajasthan,150000
L02898,2024-12-05,50000,11.0,36,A,education,West Bengal,150000
L02899,2024-07-06,300000,13.21,24,B,vehicle,Tamil Nadu,75000
L02900,2024-07-23,500000,11.45,36,A,vehicle,Andhra Pradesh,75000
L02901,2024-04-04,300000,21.86,48,D,vehicle,Maharashtra,75000
L02902,2024-11-22,200000,14.31,12,B,business,Karnataka,100000
L02903,2024-09-05,100000,20.94,36,D,vehicle,West Bengal,50000
L02904,2024-09-19,300000,20.83,12,D,consumer_durable,Tamil Nadu,35000
L02905,2024-08-04,150000,10.44,48,A,education,Rajasthan,100000
L02906,2024-04-16,150000,11.77,12,A,personal,West Bengal,50000
L02907,2024-09-09,1000000,20.11,48,D,consumer_durable,Kerala,50000
L02908,2024-08-14,100000,17.25,48,C,business,Gujarat,35000
L02909,2024-09-18,100000,17.98,12,C,consumer_durable,Telangana,75000
L02910,2024-06-16,500000,14.17,12,B,education,Kerala,50000
L02911,2024-09-07,750000,13.34,36,B,education,Rajasthan,75000
L02912,2024-01-22,50000,14.72,48,B,consumer_durable,Karnataka,35000
L02913,2024-03-04,750000,11.36,12,A,business,Karnataka,100000
L02914,2024-10-21,100000,20.31,48,D,personal,Rajasthan,35000
L02915,2024-08-01,50000,21.3,48,D,consumer_durable,Kerala,25000
L02916,2024-03-08,50000,20.91,48,D,vehicle,Kerala,100000
L02917,2024-12-17,200000,10.45,48,A,business,Kerala,75000
L02918,2024-01-14,200000,21.43,48,D,business,Andhra Pradesh,100000
L02919,2024-04-11,200000,17.99,36,C,consumer_durable,Maharashtra,75000
L02920,2024-11-07,100000,14.53,12,B,business,Gujarat,50000
L02921,2024-01-12,500000,16.88,24,C,personal,Rajasthan,75000
L02922,2024-12-27,200000,17.03,36,C,business,Maharashtra,50000
L02923,2024-02-10,200000,13.21,12,B,business,Andhra Pradesh,25000
L02924,2024-04-21,100000,17.51,36,C,personal,Telangana,75000
L02925,2024-11-25,1000000,13.23,48,B,education,Kerala,25000
L02926,2024-08-20,1000000,17.76,48,C,education,Maharashtra,35000
L02927,2024-11-09,300000,11.61,36,A,consumer_durable,Rajasthan,50000
L02928,2024-05-01,1000000,11.15,24,A,consumer_durable,West Bengal,50000
L02929,2024-03-20,100000,20.86,36,D,consumer_durable,Telangana,75000
L02930,2024-06-19,200000,14.74,48,B,business,Andhra Pradesh,150000
L02931,2024-04-04,150000,21.33,48,D,education,Telangana,150000
L02932,2024-06-23,100000,10.66,36,A,vehicle,Telangana,35000
L02933,2024-12-12,100000,10.75,12,A,education,Gujarat,150000
L02934,2024-07-01,200000,17.17,48,C,vehicle,Delhi,50000
L02935,2024-07-06,1000000,17.42,12,C,business,Kerala,50000
L02936,2024-08-09,100000,14.84,12,B,consumer_durable,Karnataka,75000
L02937,2024-03-03,50000,11.9,12,A,consumer_durable,Kerala,100000
L02938,2024-02-08,300000,11.78,36,A,business,Andhra Pradesh,75000
L02939,2024-05-27,50000,17.41,24,C,consumer_durable,Andhra Pradesh,50000
L02940,2024-12-28,150000,11.18,24,A,education,West Bengal,50000
L02941,2024-01-26,200000,17.94,24,C,consumer_durable,Gujarat,150000
L02942,2024-03-04,750000,11.41,24,A,consumer_durable,West Bengal,75000
L02943,2024-07-14,750000,14.98,12,B,personal,Tamil Nadu,50000
L02944,2024-01-05,200000,16.56,24,C,vehicle,Telangana,50000
L02945,2024-04-24,50000,16.14,48,C,consumer_durable,Rajasthan,35000
L02946,2024-12-01,1000000,20.72,12,D,consumer_durable,Andhra Pradesh,100000
L02947,2024-05-27,150000,11.27,48,A,personal,Delhi,50000
L02948,2024-06-03,150000,10.42,48,A,business,West Bengal,50000
L02949,2024-07-27,300000,13.28,12,B,personal,Rajasthan,75000
L02950,2024-02-19,150000,10.76,36,A,consumer_durable,Kerala,150000
L02951,2024-08-22,150000,14.28,48,B,consumer_durable,Delhi,25000
L02952,2024-09-11,50000,10.05,12,A,vehicle,Gujarat,50000
L02953,2024-05-25,200000,11.66,36,A,business,Rajasthan,75000
L02954,2024-09-08,150000,14.07,12,B,business,Andhra Pradesh,35000
L02955,2024-06-09,100000,25.51,48,E,personal,Gujarat,150000
L02956,2024-02-04,200000,13.3,36,B,education,Andhra Pradesh,100000
L02957,2024-03-28,500000,13.43,12,B,business,Maharashtra,100000
L02958,2024-11-14,200000,13.88,48,B,personal,Rajasthan,35000
L02959,2024-01-04,500000,11.0,48,A,vehicle,Karnataka,50000
L02960,2024-02-09,100000,10.65,24,A,consumer_durable,Andhra Pradesh,100000
L02961,2024-01-16,100000,14.89,12,B,education,Andhra Pradesh,25000
L02962,2024-06-14,750000,11.26,36,A,vehicle,Gujarat,75000
L02963,2024-11-27,750000,21.28,12,D,vehicle,West Bengal,100000
L02964,2024-12-03,200000,17.85,36,C,business,Tamil Nadu,150000
L02965,2024-01-06,50000,16.81,24,C,personal,Tamil Nadu,100000
L02966,2024-12-11,500000,14.95,12,B,business,Tamil Nadu,35000
L02967,2024-03-01,100000,10.19,48,A,consumer_durable,Andhra Pradesh,25000
L02968,2024-12-19,100000,10.51,24,A,personal,Karnataka,75000
L02969,2024-12-17,200000,13.41,24,B,vehicle,Tamil Nadu,35000
L02970,2024-04-28,50000,11.98,24,A,vehicle,Tamil Nadu,25000
L02971,2024-02-22,150000,14.31,12,B,personal,Karnataka,35000
L02972,2024-10-04,300000,10.42,24,A,vehicle,Tamil Nadu,50000
L02973,2024-02-26,750000,11.91,24,A,vehicle,Telangana,150000
L02974,2024-07-22,500000,17.66,36,C,business,Tamil Nadu,35000
L02975,2024-05-20,750000,13.6,48,B,consumer_durable,Maharashtra,35000
L02976,2024-05-06,750000,10.86,12,A,education,Gujarat,35000
L02977,2024-08-21,1000000,14.27,24,B,business,Kerala,100000
L02978,2024-08-27,500000,16.35,24,C,business,West Bengal,25000
L02979,2024-07-12,150000,14.99,36,B,education,Karnataka,50000
L02980,2024-06-26,750000,14.92,24,B,education,Maharashtra,100000
L02981,2024-05-16,750000,20.6,36,D,vehicle,Telangana,75000
L02982,2024-08-25,500000,20.32,36,D,consumer_durable,West Bengal,150000
L02983,2024-09-19,200000,13.68,48,B,vehicle,Kerala,100000
L02984,2024-04-23,200000,20.31,48,D,consumer_durable,Kerala,35000
L02985,2024-03-21,500000,10.95,48,A,consumer_durable,Telangana,150000
L02986,2024-04-22,200000,16.65,36,C,consumer_durable,Rajasthan,50000
L02987,2024-10-01,750000,13.49,48,B,personal,West Bengal,150000
L02988,2024-10-21,300000,14.13,24,B,education,Kerala,100000
L02989,2024-06-28,100000,16.83,24,C,education,Karnataka,25000
L02990,2024-02-01,200000,14.39,24,B,personal,Andhra Pradesh,35000
L02991,2024-12-06,750000,13.12,12,B,personal,Delhi,100000
L02992,2024-12-01,1000000,17.92,24,C,consumer_durable,Delhi,100000
L02993,2024-05-13,150000,11.96,24,A,education,Delhi,75000
L02994,2024-03-24,500000,14.28,24,B,consumer_durable,Delhi,50000
L02995,2024-04-20,200000,17.83,12,C,consumer_durable,Tamil Nadu,150000
L02996,2024-07-27,300000,25.02,36,E,education,Karnataka,150000
L02997,2024-07-23,750000,11.41,36,A,education,Andhra Pradesh,25000
L02998,2024-01-14,1000000,17.98,24,C,vehicle,Gujarat,35000
L02999,2024-07-04,50000,16.21,24,C,business,Kerala,25000
L03000,2024-05-24,200000,11.14,12,A,personal,Telangana,35000
L03001,2024-11-14,300000,10.43,48,A,vehicle,Delhi,100000
L03002,2024-10-18,300000,16.09,36,C,personal,Maharashtra,25000
L03003,2024-01-03,1000000,21.2,36,D,education,Karnataka,25000
L03004,2024-12-19,300000,14.16,12,B,personal,Maharashtra,50000
L03005,2024-01-05,150000,17.79,48,C,consumer_durable,Karnataka,75000
L03006,2024-02-20,50000,21.5,12,D,vehicle,Delhi,35000
L03007,2024-12-11,200000,10.52,36,A,education,Delhi,35000
L03008,2024-02-14,200000,25.64,12,E,consumer_durable,Kerala,150000
L03009,2024-09-13,100000,10.41,12,A,personal,Gujarat,75000
L03010,2024-02-07,100000,11.58,24,A,personal,Kerala,150000
L03011,2024-05-15,50000,14.99,12,B,vehicle,Rajasthan,100000
L03012,2024-02-05,100000,20.58,48,D,business,Gujarat,35000
L03013,2024-10-07,100000,21.55,48,D,consumer_durable,Rajasthan,50000
L03014,2024-04-20,300000,14.72,12,B,vehicle,Rajasthan,25000
L03015,2024-02-22,1000000,10.6,48,A,personal,Kerala,50000
L03016,2024-05-02,150000,10.24,12,A,vehicle,Karnataka,50000
L03017,2024-11-14,50000,10.82,24,A,consumer_durable,Karnataka,75000
L03018,2024-06-06,500000,13.67,48,B,business,Karnataka,25000
L03019,2024-12-26,500000,10.57,12,A,consumer_durable,Kerala,100000
L03020,2024-06-14,300000,17.04,48,C,education,Delhi,100000
L03021,2024-01-12,200000,14.96,12,B,education,Gujarat,75000
L03022,2024-06-25,750000,13.42,36,B,vehicle,Tamil Nadu,75000
L03023,2024-07-13,100000,16.91,24,C,business,West Bengal,50000
L03024,2024-08-01,750000,11.75,12,A,personal,Delhi,150000
L03025,2024-01-27,100000,21.68,48,D,education,West Bengal,35000
L03026,2024-02-01,1000000,11.56,12,A,consumer_durable,West Bengal,100000
L03027,2024-02-16,300000,17.98,24,C,education,Tamil Nadu,25000
L03028,2024-12-04,150000,13.38,12,B,business,Tamil Nadu,35000
L03029,2024-09-05,150000,10.36,36,A,personal,Rajasthan,50000
L03030,2024-06-20,150000,14.05,36,B,personal,Maharashtra,50000
L03031,2024-02-08,300000,10.9,36,A,personal,Karnataka,35000
L03032,2024-06-07,50000,14.65,36,B,consumer_durable,Tamil Nadu,35000
L03033,2024-01-26,150000,17.85,48,C,business,Karnataka,150000
L03034,2024-09-02,500000,17.91,48,C,education,Telangana,25000
L03035,2024-01-10,50000,11.7,12,A,education,Delhi,150000
L03036,2024-10-11,200000,25.6,24,E,education,Karnataka,150000
L03037,2024-08-10,1000000,11.11,24,A,education,Maharashtra,35000
L03038,2024-04-25,200000,10.05,36,A,consumer_durable,Rajasthan,150000
L03039,2024-04-15,50000,17.35,12,C,vehicle,Karnataka,35000
L03040,2024-04-27,1000000,20.5,48,D,education,Kerala,25000
L03041,2024-06-16,500000,14.11,36,B,education,Kerala,50000
L03042,2024-05-06,50000,17.09,12,C,consumer_durable,Kerala,75000
L03043,2024-06-05,50000,14.38,48,B,personal,West Bengal,25000
L03044,2024-08-08,750000,16.66,24,C,consumer_durable,Delhi,50000
L03045,2024-06-05,50000,13.17,48,B,consumer_durable,Karnataka,35000
L03046,2024-09-02,100000,13.6,24,B,business,Telangana,150000
L03047,2024-12-13,300000,10.39,24,A,education,West Bengal,50000
L03048,2024-08-28,1000000,11.55,24,A,business,Maharashtra,100000
L03049,2024-03-09,150000,10.48,24,A,vehicle,Delhi,100000
L03050,2024-08-23,50000,10.55,24,A,business,Karnataka,150000
L03051,2024-07-20,200000,14.88,12,B,business,Rajasthan,50000
L03052,2024-10-01,300000,14.69,48,B,vehicle,Andhra Pradesh,100000
L03053,2024-03-12,50000,20.32,48,D,personal,Telangana,35000
L03054,2024-06-22,150000,11.24,36,A,business,Tamil Nadu,35000
L03055,2024-03-17,500000,21.28,48,D,vehicle,Maharashtra,50000
L03056,2024-07-06,150000,11.21,12,A,consumer_durable,Tamil Nadu,25000
L03057,2024-03-01,150000,14.2,36,B,personal,West Bengal,75000
L03058,2024-06-22,150000,14.81,24,B,education,Tamil Nadu,75000
L03059,2024-01-13,200000,13.95,24,B,vehicle,Gujarat,25000
L03060,2024-10-06,100000,26.68,12,E,business,Rajasthan,50000
L03061,2024-02-22,150000,10.09,12,A,personal,Kerala,35000
L03062,2024-04-16,200000,16.75,48,C,personal,Kerala,25000
L03063,2024-10-21,50000,10.37,36,A,consumer_durable,Karnataka,75000
L03064,2024-12-22,500000,10.75,36,A,consumer_durable,Karnataka,100000
L03065,2024-05-01,500000,17.94,48,C,education,Kerala,35000
L03066,2024-06-24,300000,11.59,24,A,vehicle,Telangana,25000
L03067,2024-09-25,1000000,25.93,12,E,business,Gujarat,75000
L03068,2024-08-01,300000,11.68,12,A,education,Delhi,50000
L03069,2024-11-15,100000,11.84,48,A,consumer_durable,West Bengal,150000
L03070,2024-11-16,50000,13.69,48,B,personal,Tamil Nadu,25000
L03071,2024-12-21,150000,17.11,36,C,consumer_durable,Rajasthan,25000
L03072,2024-10-02,100000,14.59,24,B,vehicle,Telangana,25000
L03073,2024-09-22,750000,16.96,48,C,personal,West Bengal,150000
L03074,2024-04-05,750000,20.41,24,D,vehicle,Andhra Pradesh,25000
L03075,2024-03-13,150000,13.14,36,B,education,Gujarat,75000
L03076,2024-05-28,1000000,10.17,24,A,education,Delhi,35000
L03077,2024-04-15,50000,11.88,36,A,vehicle,Kerala,100000
L03078,2024-12-23,150000,14.75,12,B,vehicle,Tamil Nadu,50000
L03079,2024-04-05,750000,13.76,48,B,education,Delhi,25000
L03080,2024-08-14,200000,14.6,36,B,education,Karnataka,50000
L03081,2024-02-25,150000,20.08,36,D,personal,West Bengal,50000
L03082,2024-03-14,750000,10.79,48,A,vehicle,Gujarat,25000
L03083,2024-05-11,1000000,20.37,36,D,vehicle,Telangana,75000
L03084,2024-06-25,500000,26.35,48,E,education,Andhra Pradesh,75000
L03085,2024-10-14,1000000,11.02,24,A,vehicle,Delhi,100000
L03086,2024-01-10,500000,11.66,48,A,vehicle,Gujarat,25000
L03087,2024-07-11,150000,26.94,48,E,education,Gujarat,25000
L03088,2024-03-25,50000,11.73,48,A,consumer_durable,Andhra Pradesh,35000
L03089,2024-12-01,200000,17.48,48,C,education,Telangana,50000
L03090,2024-02-05,300000,17.73,12,C,business,West Bengal,150000
L03091,2024-04-10,50000,13.37,48,B,consumer_durable,Rajasthan,150000
L03092,2024-06-16,50000,25.57,48,E,vehicle,Gujarat,25000
L03093,2024-01-15,300000,21.4,12,D,vehicle,Telangana,150000
L03094,2024-08-18,150000,16.19,24,C,vehicle,Telangana,75000
L03095,2024-10-23,150000,17.39,36,C,business,Karnataka,150000
L03096,2024-12-15,1000000,20.8,12,D,consumer_durable,Telangana,75000
L03097,2024-09-14,150000,17.7,24,C,personal,Karnataka,25000
L03098,2024-01-24,150000,25.05,36,E,education,Delhi,35000
L03099,2024-09-07,300000,14.55,24,B,vehicle,West Bengal,75000
L03100,2024-09-06,750000,16.05,48,C,consumer_durable,Karnataka,150000
L03101,2024-11-22,50000,11.7,36,A,education,Delhi,75000
L03102,2024-06-14,150000,20.05,36,D,education,Maharashtra,25000
L03103,2024-06-25,150000,20.52,12,D,education,Telangana,50000
L03104,2024-06-10,50000,10.15,48,A,personal,Andhra Pradesh,50000
L03105,2024-01-07,50000,17.08,12,C,business,Delhi,150000
L03106,2024-04-03,300000,10.12,36,A,consumer_durable,West Bengal,100000
L03107,2024-04-17,200000,14.67,12,B,business,Rajasthan,150000
L03108,2024-06-17,300000,10.92,12,A,vehicle,Maharashtra,100000
L03109,2024-09-11,100000,17.84,48,C,business,Andhra Pradesh,25000
L03110,2024-01-03,1000000,14.1,12,B,vehicle,Andhra Pradesh,150000
L03111,2024-02-14,200000,10.97,12,A,personal,Gujarat,100000
L03112,2024-09-14,750000,21.96,12,D,personal,Kerala,100000
L03113,2024-10-24,750000,13.88,24,B,vehicle,Tamil Nadu,75000
L03114,2024-01-11,50000,11.44,24,A,business,Telangana,50000
L03115,2024-07-11,100000,14.18,48,B,vehicle,Rajasthan,50000
L03116,2024-10-21,200000,11.97,24,A,business,Tamil Nadu,75000
L03117,2024-12-16,150000,13.19,36,B,education,Maharashtra,25000
L03118,2024-07-18,300000,17.86,48,C,education,Telangana,25000
L03119,2024-09-11,200000,20.01,24,D,vehicle,Andhra Pradesh,35000
L03120,2024-09-26,750000,13.86,24,B,business,Gujarat,25000
L03121,2024-03-28,50000,16.33,36,C,business,West Bengal,25000
L03122,2024-08-27,50000,26.61,24,E,personal,Rajasthan,100000
L03123,2024-01-21,150000,21.77,48,D,vehicle,Rajasthan,150000
L03124,2024-08-15,1000000,21.59,12,D,personal,Rajasthan,50000
L03125,2024-08-21,150000,11.39,48,A,vehicle,Maharashtra,100000
L03126,2024-03-03,1000000,11.81,12,A,vehicle,Delhi,35000
L03127,2024-11-02,300000,10.98,36,A,consumer_durable,Andhra Pradesh,75000
L03128,2024-11-19,750000,11.87,48,A,personal,West Bengal,50000
L03129,2024-07-13,750000,16.7,48,C,consumer_durable,Delhi,25000
L03130,2024-04-07,750000,17.05,36,C,business,Maharashtra,25000
L03131,2024-05-05,500000,16.3,48,C,business,Telangana,75000
L03132,2024-02-19,150000,16.25,12,C,business,Telangana,100000
L03133,2024-12-10,1000000,16.04,48,C,vehicle,West Bengal,25000
L03134,2024-11-19,500000,16.99,12,C,personal,Gujarat,25000
L03135,2024-07-23,100000,16.09,24,C,consumer_durable,Maharashtra,25000
L03136,2024-09-19,150000,13.8,24,B,business,Andhra Pradesh,50000
L03137,2024-05-17,200000,16.44,24,C,business,Andhra Pradesh,25000
L03138,2024-07-16,100000,16.57,12,C,business,West Bengal,35000
L03139,2024-07-28,750000,26.97,36,E,vehicle,Tamil Nadu,25000
L03140,2024-08-23,100000,21.88,24,D,consumer_durable,West Bengal,50000
L03141,2024-09-11,150000,10.62,36,A,education,Tamil Nadu,150000
L03142,2024-01-26,150000,13.58,12,B,vehicle,Maharashtra,100000
L03143,2024-11-24,50000,13.17,48,B,personal,Gujarat,25000
L03144,2024-03-16,500000,16.56,12,C,consumer_durable,Telangana,150000
L03145,2024-06-14,200000,11.98,24,A,consumer_durable,Kerala,150000
L03146,2024-02-02,200000,17.62,12,C,personal,Kerala,25000
L03147,2024-08-17,200000,13.13,12,B,personal,Delhi,100000
L03148,2024-04-11,150000,26.05,36,E,personal,Gujarat,100000
L03149,2024-01-20,150000,21.25,24,D,personal,Delhi,150000
L03150,2024-02-08,1000000,10.83,48,A,consumer_durable,Tamil Nadu,100000
L03151,2024-02-05,50000,21.02,24,D,consumer_durable,Rajasthan,25000
L03152,2024-12-09,300000,14.56,48,B,personal,Gujarat,150000
L03153,2024-06-22,100000,10.07,24,A,vehicle,Maharashtra,100000
L03154,2024-10-17,200000,14.21,36,B,vehicle,Karnataka,100000
L03155,2024-03-22,100000,17.49,48,C,education,Telangana,75000
L03156,2024-12-04,500000,26.3,48,E,consumer_durable,West Bengal,75000
L03157,2024-08-13,100000,17.02,24,C,education,Rajasthan,35000
L03158,2024-09-22,200000,13.86,36,B,personal,Karnataka,150000
L03159,2024-07-06,150000,16.92,24,C,vehicle,West Bengal,75000
L03160,2024-12-07,50000,14.14,48,B,consumer_durable,Karnataka,75000
L03161,2024-09-21,500000,25.34,12,E,consumer_durable,Delhi,100000
L03162,2024-02-05,500000,17.13,36,C,business,Kerala,75000
L03163,2024-10-27,150000,13.87,48,B,consumer_durable,Delhi,25000
L03164,2024-06-24,200000,14.82,12,B,business,Maharashtra,25000
L03165,2024-08-04,300000,20.25,48,D,business,Andhra Pradesh,100000
L03166,2024-03-19,100000,17.91,36,C,consumer_durable,Gujarat,25000
L03167,2024-02-27,1000000,13.16,36,B,education,West Bengal,25000
L03168,2024-01-23,500000,11.55,24,A,business,Delhi,100000
L03169,2024-08-18,150000,17.05,48,C,business,Andhra Pradesh,25000
L03170,2024-10-07,50000,17.55,12,C,personal,Karnataka,150000
L03171,2024-02-21,500000,21.27,48,D,personal,Andhra Pradesh,50000
L03172,2024-11-20,50000,10.8,36,A,vehicle,Tamil Nadu,35000
L03173,2024-04-27,200000,10.82,12,A,education,Maharashtra,75000
L03174,2024-08-21,50000,10.03,24,A,personal,Tamil Nadu,50000
L03175,2024-07-05,750000,17.3,36,C,education,Andhra Pradesh,50000
L03176,2024-12-26,300000,11.99,36,A,consumer_durable,Karnataka,150000
L03177,2024-11-20,300000,16.78,36,C,consumer_durable,Andhra Pradesh,50000
L03178,2024-08-26,750000,11.09,24,A,business,Delhi,50000
L03179,2024-12-03,200000,25.51,36,E,consumer_durable,West Bengal,100000
L03180,2024-09-07,750000,25.71,36,E,education,Telangana,50000
L03181,2024-06-21,200000,14.32,48,B,vehicle,West Bengal,75000
L03182,2024-09-11,750000,11.66,24,A,vehicle,Maharashtra,150000
L03183,2024-08-01,1000000,20.73,36,D,vehicle,Tamil Nadu,150000
L03184,2024-11-09,200000,14.31,36,B,vehicle,West Bengal,100000
L03185,2024-12-26,50000,16.71,36,C,business,Maharashtra,50000
L03186,2024-09-09,50000,26.19,48,E,consumer_durable,Tamil Nadu,150000
L03187,2024-05-06,50000,20.92,24,D,education,Maharashtra,150000
L03188,2024-08-05,200000,14.83,36,B,business,Gujarat,150000
L03189,2024-01-03,50000,16.48,48,C,vehicle,Gujarat,100000
L03190,2024-11-05,100000,25.71,12,E,business,Gujarat,25000
L03191,2024-06-08,100000,16.62,12,C,vehicle,Andhra Pradesh,100000
L03192,2024-08-20,200000,11.65,36,A,vehicle,Karnataka,150000
L03193,2024-04-22,100000,16.22,36,C,education,Maharashtra,50000
L03194,2024-03-15,150000,25.8,36,E,vehicle,Rajasthan,75000
L03195,2024-11-12,750000,21.81,12,D,personal,Rajasthan,50000
L03196,2024-11-12,200000,14.11,36,B,business,Gujarat,25000
L03197,2024-10-27,750000,11.95,12,A,education,Telangana,50000
L03198,2024-05-12,1000000,11.33,36,A,business,Telangana,150000
L03199,2024-07-05,50000,14.85,48,B,vehicle,Rajasthan,25000
L03200,2024-05-13,200000,13.49,12,B,vehicle,Karnataka,150000
L03201,2024-07-24,1000000,13.75,24,B,consumer_durable,Delhi,25000
L03202,2024-05-17,750000,10.06,12,A,education,Andhra Pradesh,75000
L03203,2024-04-03,50000,10.85,48,A,vehicle,Maharashtra,35000
L03204,2024-07-24,500000,21.9,48,D,personal,Delhi,50000
L03205,2024-10-18,500000,11.44,24,A,vehicle,West Bengal,75000
L03206,2024-04-09,100000,11.9,24,A,education,Rajasthan,100000
L03207,2024-02-22,300000,26.0,36,E,vehicle,Maharashtra,35000
L03208,2024-06-02,200000,13.8,24,B,education,Tamil Nadu,150000
L03209,2024-08-12,200000,10.51,36,A,consumer_durable,West Bengal,75000
L03210,2024-06-10,100000,10.22,12,A,business,Delhi,35000
L03211,2024-04-14,200000,21.29,36,D,vehicle,Karnataka,25000
L03212,2024-10-16,150000,17.33,48,C,personal,Karnataka,50000
L03213,2024-02-22,150000,11.37,48,A,education,Tamil Nadu,75000
L03214,2024-08-07,500000,21.62,24,D,education,Karnataka,75000
L03215,2024-12-17,100000,11.49,48,A,vehicle,Kerala,35000
L03216,2024-02-26,200000,10.79,36,A,consumer_durable,Telangana,150000
L03217,2024-01-12,1000000,13.23,24,B,education,Rajasthan,150000
L03218,2024-05-12,50000,13.88,12,B,business,Telangana,25000
L03219,2024-03-01,500000,10.1,24,A,consumer_durable,Rajasthan,35000
L03220,2024-12-10,50000,14.77,36,B,personal,Tamil Nadu,100000
L03221,2024-07-02,750000,13.91,24,B,personal,Delhi,25000
L03222,2024-11-23,200000,16.55,48,C,business,Delhi,150000
L03223,2024-07-18,150000,10.48,12,A,personal,Karnataka,35000
L03224,2024-02-02,150000,20.89,36,D,personal,Telangana,35000
L03225,2024-05-06,50000,10.2,24,A,personal,Karnataka,35000
L03226,2024-04-06,150000,13.72,12,B,education,Telangana,150000
L03227,2024-12-25,750000,17.05,48,C,vehicle,West Bengal,25000
L03228,2024-12-16,100000,11.3,24,A,consumer_durable,Kerala,25000
L03229,2024-07-16,300000,14.3,24,B,personal,Maharashtra,25000
L03230,2024-12-04,100000,13.51,12,B,consumer_durable,Maharashtra,75000
L03231,2024-06-28,200000,10.54,12,A,education,Kerala,50000
L03232,2024-09-12,200000,10.92,12,A,personal,Kerala,25000
L03233,2024-06-14,300000,16.72,48,C,vehicle,Kerala,75000
L03234,2024-10-06,750000,14.65,48,B,consumer_durable,Andhra Pradesh,25000
L03235,2024-02-23,1000000,11.47,48,A,vehicle,West Bengal,35000
L03236,2024-12-13,750000,16.21,48,C,consumer_durable,Rajasthan,35000
L03237,2024-04-15,500000,25.73,12,E,vehicle,Rajasthan,100000
L03238,2024-01-06,300000,14.65,24,B,vehicle,Delhi,150000
L03239,2024-07-13,100000,13.6,24,B,consumer_durable,West Bengal,35000
L03240,2024-11-04,50000,16.59,12,C,consumer_durable,West Bengal,25000
L03241,2024-02-12,150000,17.25,24,C,business,Rajasthan,35000
L03242,2024-12-14,750000,11.98,24,A,consumer_durable,Delhi,75000
L03243,2024-07-18,300000,10.78,48,A,education,Rajasthan,75000
L03244,2024-09-25,200000,20.75,24,D,personal,Maharashtra,50000
L03245,2024-11-08,1000000,14.37,48,B,vehicle,Karnataka,50000
L03246,2024-03-25,150000,14.49,12,B,vehicle,Andhra Pradesh,25000
L03247,2024-01-09,200000,13.56,12,B,consumer_durable,Tamil Nadu,100000
L03248,2024-09-06,1000000,10.34,36,A,consumer_durable,Karnataka,100000
L03249,2024-08-23,100000,11.07,48,A,personal,Andhra Pradesh,50000
L03250,2024-08-10,300000,17.67,48,C,education,Kerala,25000
L03251,2024-02-04,150000,13.21,36,B,education,West Bengal,50000
L03252,2024-02-18,500000,26.03,12,E,personal,West Bengal,25000
L03253,2024-04-04,500000,13.81,48,B,vehicle,Karnataka,35000
L03254,2024-08-27,500000,17.67,24,C,consumer_durable,Karnataka,75000
L03255,2024-09-17,750000,16.44,12,C,personal,Kerala,35000
L03256,2024-03-23,50000,13.78,12,B,personal,Telangana,150000
L03257,2024-08-12,1000000,20.15,24,D,vehicle,Karnataka,75000
L03258,2024-02-26,200000,10.84,24,A,personal,Andhra Pradesh,100000
L03259,2024-01-25,500000,20.54,12,D,business,Kerala,25000
L03260,2024-12-10,150000,11.2,36,A,education,Gujarat,100000
L03261,2024-04-22,750000,11.81,12,A,vehicle,Andhra Pradesh,50000
L03262,2024-03-05,200000,26.21,36,E,business,Karnataka,75000
L03263,2024-12-24,100000,21.67,24,D,business,Rajasthan,25000
L03264,2024-07-06,300000,17.66,12,C,vehicle,Telangana,75000
L03265,2024-07-08,100000,21.39,36,D,business,Delhi,25000
L03266,2024-02-11,300000,20.64,48,D,vehicle,Maharashtra,100000
L03267,2024-09-22,1000000,11.2,36,A,education,Maharashtra,150000
L03268,2024-10-18,300000,16.72,48,C,vehicle,Delhi,150000
L03269,2024-08-16,150000,11.41,24,A,business,Karnataka,75000
L03270,2024-04-07,100000,13.13,48,B,vehicle,West Bengal,75000
L03271,2024-11-08,150000,10.24,36,A,personal,Tamil Nadu,50000
L03272,2024-12-28,150000,11.29,36,A,personal,Kerala,100000
L03273,2024-01-14,200000,21.62,24,D,vehicle,Telangana,75000
L03274,2024-09-04,50000,13.19,36,B,business,Delhi,35000
L03275,2024-11-01,300000,10.31,24,A,business,Telangana,50000
L03276,2024-06-23,300000,10.88,12,A,personal,Rajasthan,75000
L03277,2024-05-01,500000,16.83,36,C,personal,Delhi,75000
L03278,2024-08-02,100000,14.79,36,B,business,Tamil Nadu,50000
L03279,2024-10-02,100000,21.37,24,D,consumer_durable,Karnataka,150000
L03280,2024-04-11,100000,20.05,48,D,business,Kerala,50000
L03281,2024-03-08,150000,10.07,48,A,consumer_durable,West Bengal,75000
L03282,2024-03-19,750000,17.2,36,C,vehicle,Telangana,100000
L03283,2024-02-21,300000,13.19,24,B,education,Maharashtra,100000
L03284,2024-11-21,300000,16.25,24,C,business,Maharashtra,75000
L03285,2024-04-09,150000,14.02,48,B,vehicle,Telangana,50000
L03286,2024-05-07,200000,17.9,48,C,business,Karnataka,150000
L03287,2024-05-24,750000,14.81,12,B,education,West Bengal,50000
L03288,2024-12-18,150000,20.57,24,D,consumer_durable,Kerala,35000
L03289,2024-05-07,500000,13.04,36,B,personal,Kerala,50000
L03290,2024-08-27,500000,11.22,12,A,vehicle,Kerala,75000
L03291,2024-04-11,750000,20.57,12,D,consumer_durable,West Bengal,50000
L03292,2024-09-17,1000000,10.25,24,A,personal,Maharashtra,100000
L03293,2024-09-17,500000,16.55,48,C,vehicle,Delhi,50000
L03294,2024-09-14,750000,17.33,48,C,consumer_durable,Kerala,100000
L03295,2024-07-23,300000,16.91,12,C,consumer_durable,Maharashtra,75000
L03296,2024-10-15,100000,17.69,12,C,personal,Maharashtra,35000
L03297,2024-12-15,300000,17.59,12,C,business,West Bengal,75000
L03298,2024-06-01,750000,20.86,36,D,personal,Rajasthan,150000
L03299,2024-07-16,50000,14.37,36,B,business,Kerala,150000
L03300,2024-04-12,200000,16.57,48,C,education,Rajasthan,50000
L03301,2024-01-21,300000,10.65,36,A,consumer_durable,West Bengal,150000
L03302,2024-05-02,200000,13.97,24,B,business,Tamil Nadu,100000
L03303,2024-09-19,1000000,14.66,24,B,business,Andhra Pradesh,25000
L03304,2024-06-02,50000,14.69,24,B,education,Gujarat,150000
L03305,2024-07-28,750000,26.49,36,E,education,Karnataka,150000
L03306,2024-05-19,200000,14.03,24,B,consumer_durable,Rajasthan,25000
L03307,2024-06-08,200000,16.65,12,C,personal,Maharashtra,25000
L03308,2024-10-13,150000,20.88,36,D,personal,Kerala,150000
L03309,2024-09-28,300000,11.29,36,A,vehicle,Andhra Pradesh,75000
L03310,2024-01-07,750000,14.52,48,B,business,West Bengal,35000
L03311,2024-04-09,200000,11.49,36,A,business,Telangana,150000
L03312,2024-10-13,750000,17.02,24,C,vehicle,Karnataka,100000
L03313,2024-06-15,150000,10.39,48,A,personal,Andhra Pradesh,150000
L03314,2024-04-27,50000,20.9,12,D,consumer_durable,Delhi,50000
L03315,2024-07-06,1000000,20.92,48,D,vehicle,West Bengal,35000
L03316,2024-12-02,1000000,26.08,48,E,consumer_durable,Delhi,75000
L03317,2024-11-10,500000,26.23,24,E,business,Rajasthan,150000
L03318,2024-08-24,500000,14.7,48,B,business,Maharashtra,35000
L03319,2024-08-10,1000000,13.84,12,B,business,Tamil Nadu,25000
L03320,2024-06-03,1000000,25.84,36,E,education,Andhra Pradesh,50000
L03321,2024-08-25,100000,10.15,24,A,vehicle,Maharashtra,100000
L03322,2024-01-19,50000,17.29,36,C,personal,West Bengal,50000
L03323,2024-05-24,150000,13.48,36,B,business,Telangana,100000
L03324,2024-07-12,500000,26.31,24,E,business,Tamil Nadu,35000
L03325,2024-07-02,150000,21.88,12,D,personal,Delhi,75000
L03326,2024-12-08,100000,10.14,36,A,education,Gujarat,75000
L03327,2024-02-03,750000,11.67,12,A,business,Rajasthan,35000
L03328,2024-05-13,1000000,17.58,48,C,personal,Delhi,150000
L03329,2024-02-17,1000000,13.85,48,B,education,Andhra Pradesh,150000
L03330,2024-07-13,1000000,11.47,48,A,education,Tamil Nadu,150000
L03331,2024-06-13,500000,17.42,36,C,education,Kerala,50000
L03332,2024-03-23,100000,10.55,24,A,vehicle,Maharashtra,150000
L03333,2024-05-28,150000,10.99,12,A,business,Delhi,75000
L03334,2024-03-03,750000,16.35,36,C,personal,Gujarat,25000
L03335,2024-07-02,100000,11.06,36,A,consumer_durable,Delhi,75000
L03336,2024-02-09,200000,21.1,48,D,education,Gujarat,35000
L03337,2024-03-01,300000,11.73,24,A,business,Kerala,50000
L03338,2024-12-28,50000,11.86,24,A,vehicle,Rajasthan,75000
L03339,2024-09-24,500000,17.98,48,C,consumer_durable,Delhi,75000
L03340,2024-04-12,100000,13.41,12,B,education,Telangana,25000
L03341,2024-07-25,500000,10.39,36,A,education,Karnataka,50000
L03342,2024-12-04,500000,11.28,48,A,education,Kerala,50000
L03343,2024-09-10,50000,14.62,12,B,vehicle,Rajasthan,75000
L03344,2024-06-25,100000,13.75,24,B,vehicle,Rajasthan,35000
L03345,2024-05-18,100000,26.18,12,E,education,Maharashtra,150000
L03346,2024-02-27,200000,11.92,36,A,consumer_durable,Telangana,50000
L03347,2024-03-04,150000,10.62,36,A,education,Andhra Pradesh,150000
L03348,2024-12-04,50000,21.68,24,D,personal,Rajasthan,50000
L03349,2024-02-10,200000,10.59,48,A,personal,Telangana,35000
L03350,2024-01-03,500000,10.72,36,A,vehicle,Maharashtra,35000
L03351,2024-08-15,300000,10.59,12,A,personal,Maharashtra,100000
L03352,2024-09-10,750000,25.72,36,E,business,Andhra Pradesh,75000
L03353,2024-05-11,750000,16.47,36,C,personal,Rajasthan,150000
L03354,2024-10-28,100000,25.28,36,E,business,Tamil Nadu,25000
L03355,2024-12-26,100000,14.87,12,B,personal,West Bengal,25000
L03356,2024-07-23,750000,21.96,12,D,personal,Maharashtra,150000
L03357,2024-05-05,150000,16.32,12,C,consumer_durable,Rajasthan,35000
L03358,2024-02-21,150000,13.3,48,B,business,West Bengal,35000
L03359,2024-10-25,750000,17.67,48,C,vehicle,Maharashtra,100000
L03360,2024-12-03,300000,10.99,12,A,personal,Gujarat,100000
L03361,2024-03-18,500000,10.98,48,A,personal,Telangana,35000
L03362,2024-11-15,50000,11.92,36,A,education,Gujarat,100000
L03363,2024-04-18,150000,13.51,48,B,personal,Tamil Nadu,100000
L03364,2024-12-26,300000,13.67,12,B,business,Rajasthan,150000
L03365,2024-09-13,150000,11.83,12,A,consumer_durable,Maharashtra,50000
L03366,2024-03-09,150000,14.58,12,B,consumer_durable,Gujarat,50000
L03367,2024-07-23,300000,20.9,36,D,personal,Kerala,25000
L03368,2024-12-19,100000,11.27,36,A,consumer_durable,West Bengal,150000
L03369,2024-07-11,50000,10.19,36,A,consumer_durable,Tamil Nadu,35000
L03370,2024-09-15,1000000,14.06,48,B,business,West Bengal,150000
L03371,2024-07-22,200000,25.15,12,E,consumer_durable,Tamil Nadu,35000
L03372,2024-02-26,50000,21.77,24,D,education,West Bengal,25000
L03373,2024-05-22,1000000,21.66,48,D,personal,Kerala,100000
L03374,2024-02-25,50000,10.41,36,A,education,Kerala,50000
L03375,2024-10-10,150000,17.9,36,C,personal,Kerala,150000
L03376,2024-10-24,300000,16.92,12,C,business,Telangana,50000
L03377,2024-02-24,200000,14.18,48,B,consumer_durable,Telangana,150000
L03378,2024-03-22,500000,11.46,48,A,consumer_durable,Maharashtra,100000
L03379,2024-09-24,750000,11.63,48,A,business,West Bengal,150000
L03380,2024-11-22,150000,16.74,24,C,vehicle,Rajasthan,35000
L03381,2024-02-17,50000,17.52,24,C,vehicle,Telangana,50000
L03382,2024-09-11,750000,11.8,48,A,education,Delhi,150000
L03383,2024-07-21,750000,25.97,48,E,education,Maharashtra,100000
L03384,2024-09-08,300000,25.65,48,E,business,Delhi,100000
L03385,2024-02-08,1000000,13.67,36,B,vehicle,Karnataka,75000
L03386,2024-12-11,500000,14.37,24,B,education,Kerala,75000
L03387,2024-02-22,1000000,11.93,12,A,business,Rajasthan,75000
L03388,2024-06-25,150000,16.86,12,C,personal,Kerala,100000
L03389,2024-05-20,300000,13.67,48,B,business,Gujarat,25000
L03390,2024-02-20,750000,16.62,48,C,consumer_durable,Rajasthan,100000
L03391,2024-01-19,50000,14.83,24,B,business,Rajasthan,35000
L03392,2024-04-27,100000,10.79,12,A,personal,Gujarat,100000
L03393,2024-05-05,150000,13.35,24,B,education,Delhi,100000
L03394,2024-11-20,200000,16.61,24,C,consumer_durable,West Bengal,75000
L03395,2024-12-02,300000,13.87,12,B,education,Maharashtra,50000
L03396,2024-05-18,200000,10.39,12,A,personal,Gujarat,35000
L03397,2024-09-13,200000,13.75,48,B,consumer_durable,Karnataka,50000
L03398,2024-01-12,300000,13.83,24,B,education,Tamil Nadu,75000
L03399,2024-05-24,750000,10.97,48,A,vehicle,Andhra Pradesh,35000
L03400,2024-07-23,500000,11.5,36,A,education,Kerala,25000
L03401,2024-06-14,150000,11.42,48,A,vehicle,Rajasthan,50000
L03402,2024-06-11,150000,17.96,24,C,education,Telangana,25000
L03403,2024-06-18,1000000,16.68,24,C,personal,Tamil Nadu,75000
L03404,2024-10-12,300000,10.44,48,A,consumer_durable,Rajasthan,50000
L03405,2024-09-20,750000,10.01,12,A,consumer_durable,Gujarat,25000
L03406,2024-02-15,100000,17.21,48,C,business,Gujarat,25000
L03407,2024-05-20,300000,10.6,24,A,business,Telangana,150000
L03408,2024-03-17,300000,11.24,24,A,education,Gujarat,150000
L03409,2024-07-12,300000,13.88,48,B,business,Kerala,25000
L03410,2024-12-20,500000,13.65,36,B,vehicle,Delhi,35000
L03411,2024-11-16,750000,26.07,12,E,business,West Bengal,100000
L03412,2024-10-09,150000,11.45,12,A,consumer_durable,West Bengal,150000
L03413,2024-06-19,100000,10.69,48,A,consumer_durable,Karnataka,25000
L03414,2024-06-21,100000,16.25,36,C,consumer_durable,Andhra Pradesh,35000
L03415,2024-02-27,300000,16.48,36,C,education,Andhra Pradesh,35000
L03416,2024-09-11,500000,10.94,48,A,business,Karnataka,35000
L03417,2024-07-18,1000000,13.62,36,B,business,Andhra Pradesh,35000
L03418,2024-03-18,500000,16.3,36,C,business,Gujarat,100000
L03419,2024-10-10,500000,10.97,48,A,business,Rajasthan,25000
L03420,2024-09-25,750000,16.09,36,C,personal,Telangana,75000
L03421,2024-11-26,200000,11.48,36,A,consumer_durable,Maharashtra,50000
L03422,2024-10-15,100000,10.5,12,A,business,Andhra Pradesh,150000
L03423,2024-02-18,200000,17.95,36,C,business,Kerala,50000
L03424,2024-05-12,200000,26.0,48,E,personal,Karnataka,75000
L03425,2024-02-15,750000,10.2,36,A,education,Maharashtra,150000
L03426,2024-01-13,100000,20.88,48,D,education,Delhi,100000
L03427,2024-03-17,750000,11.4,36,A,business,Karnataka,75000
L03428,2024-06-19,150000,20.22,24,D,education,Kerala,75000
L03429,2024-04-26,200000,13.71,48,B,consumer_durable,Telangana,50000
L03430,2024-10-14,500000,21.41,12,D,consumer_durable,Maharashtra,75000
L03431,2024-02-07,200000,10.54,24,A,business,Karnataka,35000
L03432,2024-01-20,100000,16.54,48,C,business,Tamil Nadu,75000
L03433,2024-11-08,200000,16.86,36,C,consumer_durable,Kerala,75000
L03434,2024-05-17,100000,14.9,12,B,vehicle,Maharashtra,150000
L03435,2024-04-26,1000000,11.35,36,A,consumer_durable,Gujarat,100000
L03436,2024-09-06,750000,21.65,36,D,vehicle,West Bengal,35000
L03437,2024-05-23,1000000,21.62,12,D,vehicle,Rajasthan,100000
L03438,2024-03-22,100000,13.18,24,B,vehicle,Tamil Nadu,25000
L03439,2024-03-26,150000,10.64,48,A,personal,Karnataka,100000
L03440,2024-10-28,150000,14.69,36,B,consumer_durable,Gujarat,75000
L03441,2024-06-23,300000,25.76,24,E,vehicle,Gujarat,150000
L03442,2024-02-04,300000,20.57,12,D,education,Gujarat,25000
L03443,2024-01-22,1000000,10.38,36,A,vehicle,Maharashtra,35000
L03444,2024-04-15,100000,14.38,48,B,education,Delhi,25000
L03445,2024-02-09,300000,14.72,48,B,vehicle,Tamil Nadu,25000
L03446,2024-04-07,300000,26.32,24,E,business,Delhi,25000
L03447,2024-03-18,100000,20.37,24,D,consumer_durable,Maharashtra,35000
L03448,2024-07-10,1000000,11.76,48,A,consumer_durable,Maharashtra,150000
L03449,2024-08-14,750000,14.32,12,B,education,Telangana,75000
L03450,2024-07-21,500000,13.01,48,B,personal,West Bengal,35000
L03451,2024-05-18,1000000,25.29,48,E,education,Maharashtra,150000
L03452,2024-04-02,750000,11.63,24,A,vehicle,West Bengal,50000
L03453,2024-07-15,750000,16.51,36,C,personal,Kerala,100000
L03454,2024-11-25,50000,10.65,24,A,education,Maharashtra,75000
L03455,2024-10-02,300000,17.59,48,C,personal,Telangana,50000
L03456,2024-10-15,100000,11.41,12,A,personal,Rajasthan,25000
L03457,2024-02-07,500000,17.12,48,C,education,Tamil Nadu,100000
L03458,2024-03-04,50000,13.92,36,B,vehicle,Karnataka,100000
L03459,2024-06-06,750000,11.46,48,A,personal,Tamil Nadu,35000
L03460,2024-09-15,50000,11.1,36,A,business,Rajasthan,25000
L03461,2024-06-18,200000,10.4,24,A,education,Delhi,35000
L03462,2024-06-15,100000,16.01,24,C,business,Karnataka,75000
L03463,2024-04-25,300000,13.75,36,B,personal,Maharashtra,35000
L03464,2024-02-05,300000,16.09,24,C,vehicle,Karnataka,100000
L03465,2024-01-08,1000000,14.13,36,B,education,Andhra Pradesh,25000
L03466,2024-08-23,1000000,13.16,12,B,vehicle,Maharashtra,50000
L03467,2024-10-10,1000000,14.82,12,B,vehicle,Delhi,150000
L03468,2024-07-09,500000,13.19,24,B,education,Kerala,50000
L03469,2024-05-04,1000000,10.77,48,A,consumer_durable,Andhra Pradesh,75000
L03470,2024-01-13,750000,21.72,36,D,vehicle,Delhi,50000
L03471,2024-11-27,1000000,26.35,24,E,personal,Andhra Pradesh,35000
L03472,2024-10-26,200000,10.35,48,A,consumer_durable,Gujarat,75000
L03473,2024-06-04,300000,21.99,12,D,business,Rajasthan,50000
L03474,2024-12-28,50000,21.17,48,D,vehicle,Karnataka,100000
L03475,2024-06-28,500000,10.77,36,A,vehicle,Andhra Pradesh,25000
L03476,2024-12-10,500000,14.64,48,B,consumer_durable,Karnataka,25000
L03477,2024-10-16,1000000,11.91,48,A,business,Andhra Pradesh,50000
L03478,2024-08-05,500000,10.84,48,A,vehicle,Tamil Nadu,75000
L03479,2024-06-09,200000,16.59,12,C,vehicle,Kerala,25000
L03480,2024-07-17,300000,17.91,36,C,consumer_durable,Maharashtra,75000
L03481,2024-11-23,150000,14.84,48,B,personal,Telangana,100000
L03482,2024-08-02,750000,11.56,48,A,consumer_durable,Andhra Pradesh,75000
L03483,2024-11-07,1000000,16.08,48,C,vehicle,West Bengal,35000
L03484,2024-08-03,150000,14.76,12,B,personal,Andhra Pradesh,35000
L03485,2024-10-14,100000,25.26,24,E,vehicle,Maharashtra,75000
L03486,2024-03-08,150000,13.57,24,B,vehicle,Maharashtra,35000
L03487,2024-07-01,200000,10.5,48,A,personal,West Bengal,100000
L03488,2024-11-01,300000,26.42,48,E,education,Gujarat,150000
L03489,2024-07-11,500000,10.88,24,A,education,Delhi,25000
L03490,2024-12-27,500000,10.48,12,A,personal,West Bengal,50000
L03491,2024-08-25,500000,10.57,36,A,vehicle,Karnataka,25000
L03492,2024-06-12,50000,25.51,36,E,vehicle,Rajasthan,25000
L03493,2024-05-05,1000000,13.82,36,B,business,Maharashtra,75000
L03494,2024-11-15,750000,14.1,48,B,personal,Tamil Nadu,25000
L03495,2024-04-03,150000,10.34,48,A,personal,Karnataka,100000
L03496,2024-07-07,500000,26.12,24,E,education,Andhra Pradesh,100000
L03497,2024-09-16,1000000,13.32,24,B,personal,Delhi,35000
L03498,2024-03-19,500000,21.59,12,D,consumer_durable,Kerala,75000
L03499,2024-04-07,100000,13.85,24,B,education,Rajasthan,100000
L03500,2024-02-23,50000,10.04,12,A,vehicle,Rajasthan,75000
L03501,2024-01-05,100000,13.3,24,B,personal,Karnataka,150000
L03502,2024-05-03,500000,20.6,48,D,business,Rajasthan,75000
L03503,2024-05-13,100000,16.11,48,C,vehicle,Andhra Pradesh,50000
L03504,2024-06-06,50000,17.56,48,C,education,Andhra Pradesh,50000
L03505,2024-12-13,50000,10.46,12,A,consumer_durable,Rajasthan,50000
L03506,2024-10-12,200000,10.4,48,A,vehicle,Telangana,150000
L03507,2024-11-01,750000,14.07,48,B,personal,Karnataka,50000
L03508,2024-07-16,150000,13.46,12,B,business,Rajasthan,50000
L03509,2024-08-01,100000,14.24,12,B,business,Maharashtra,150000
L03510,2024-08-22,750000,10.99,24,A,personal,Kerala,35000
L03511,2024-09-05,150000,13.09,36,B,vehicle,Telangana,35000
L03512,2024-05-19,1000000,17.68,24,C,consumer_durable,Kerala,50000
L03513,2024-11-12,100000,13.69,36,B,personal,Karnataka,75000
L03514,2024-10-06,1000000,20.17,12,D,consumer_durable,Gujarat,75000
L03515,2024-05-06,100000,14.99,36,B,education,Andhra Pradesh,35000
L03516,2024-06-20,150000,16.77,12,C,education,Rajasthan,35000
L03517,2024-10-26,150000,16.6,48,C,consumer_durable,Telangana,150000
L03518,2024-05-10,1000000,13.96,24,B,business,Telangana,150000
L03519,2024-08-17,300000,21.25,48,D,vehicle,Kerala,75000
L03520,2024-07-25,100000,13.68,36,B,vehicle,Rajasthan,150000
L03521,2024-10-02,150000,17.23,24,C,business,Rajasthan,150000
L03522,2024-08-19,300000,10.25,48,A,personal,Maharashtra,150000
L03523,2024-02-14,300000,10.02,36,A,consumer_durable,Telangana,75000
L03524,2024-07-13,300000,14.76,24,B,vehicle,Gujarat,50000
L03525,2024-10-08,50000,16.44,12,C,education,Karnataka,150000
L03526,2024-11-11,50000,26.82,24,E,consumer_durable,Telangana,25000
L03527,2024-03-27,100000,26.5,24,E,consumer_durable,Delhi,25000
L03528,2024-01-01,500000,10.84,12,A,education,Delhi,35000
L03529,2024-06-20,200000,20.43,36,D,consumer_durable,Delhi,35000
L03530,2024-11-25,200000,11.67,36,A,education,West Bengal,150000
L03531,2024-02-12,1000000,14.58,24,B,education,Maharashtra,35000
L03532,2024-08-24,150000,11.48,24,A,consumer_durable,Gujarat,25000
L03533,2024-10-01,200000,10.29,12,A,personal,West Bengal,50000
L03534,2024-11-10,750000,20.14,36,D,vehicle,Andhra Pradesh,100000
L03535,2024-11-02,500000,13.64,36,B,vehicle,Telangana,25000
L03536,2024-12-23,1000000,14.2,12,B,consumer_durable,Andhra Pradesh,50000
L03537,2024-04-20,300000,21.89,24,D,business,Telangana,150000
L03538,2024-04-24,50000,13.55,24,B,business,Tamil Nadu,100000
L03539,2024-04-08,200000,13.67,12,B,vehicle,Telangana,25000
L03540,2024-04-21,200000,25.55,24,E,personal,Tamil Nadu,35000
L03541,2024-03-10,100000,14.69,48,B,business,Maharashtra,150000
L03542,2024-08-06,500000,13.38,12,B,vehicle,Telangana,50000
L03543,2024-03-08,100000,10.8,24,A,business,Karnataka,25000
L03544,2024-06-11,100000,13.73,48,B,personal,Kerala,50000
L03545,2024-03-21,50000,16.55,36,C,business,West Bengal,50000
L03546,2024-06-28,150000,10.74,12,A,vehicle,Gujarat,35000
L03547,2024-09-03,50000,14.88,12,B,vehicle,Gujarat,25000
L03548,2024-05-20,200000,14.46,36,B,personal,Kerala,150000
L03549,2024-08-28,100000,20.67,36,D,business,Andhra Pradesh,25000
L03550,2024-04-06,750000,20.86,24,D,business,West Bengal,35000
L03551,2024-07-05,750000,10.24,12,A,education,Gujarat,150000
L03552,2024-01-15,500000,13.26,48,B,personal,Gujarat,25000
L03553,2024-09-22,50000,10.63,48,A,education,Gujarat,150000
L03554,2024-02-10,1000000,16.92,24,C,vehicle,West Bengal,25000
L03555,2024-10-02,50000,21.49,12,D,personal,Karnataka,50000
L03556,2024-01-24,750000,17.47,24,C,education,Tamil Nadu,75000
L03557,2024-04-02,100000,21.08,36,D,consumer_durable,Karnataka,75000
L03558,2024-09-16,100000,25.82,36,E,personal,Rajasthan,150000
L03559,2024-01-12,750000,14.86,12,B,education,West Bengal,50000
L03560,2024-03-17,150000,25.76,12,E,personal,Andhra Pradesh,35000
L03561,2024-12-21,150000,17.65,12,C,business,Andhra Pradesh,35000
L03562,2024-07-10,1000000,16.42,12,C,consumer_durable,Rajasthan,35000
L03563,2024-04-02,50000,17.92,48,C,education,Andhra Pradesh,100000
L03564,2024-05-12,500000,16.21,36,C,education,Rajasthan,35000
L03565,2024-08-09,100000,13.52,12,B,consumer_durable,West Bengal,100000
L03566,2024-02-28,750000,13.9,36,B,consumer_durable,Karnataka,25000
L03567,2024-06-22,500000,13.86,36,B,consumer_durable,Telangana,50000
L03568,2024-11-21,100000,11.01,48,A,vehicle,Kerala,35000
L03569,2024-09-27,50000,10.27,36,A,consumer_durable,Gujarat,35000
L03570,2024-08-26,1000000,11.41,24,A,personal,Telangana,25000
L03571,2024-03-27,1000000,13.22,48,B,personal,Gujarat,50000
L03572,2024-02-05,150000,13.03,36,B,personal,Tamil Nadu,50000
L03573,2024-01-22,300000,25.67,12,E,business,Delhi,100000
L03574,2024-10-18,50000,26.33,24,E,education,Andhra Pradesh,75000
L03575,2024-08-05,200000,17.04,36,C,consumer_durable,Karnataka,75000
L03576,2024-05-08,200000,11.6,24,A,personal,Maharashtra,25000
L03577,2024-03-20,300000,16.45,36,C,education,Telangana,25000
L03578,2024-10-19,300000,13.21,48,B,business,Delhi,75000
L03579,2024-08-23,150000,17.02,24,C,business,Karnataka,100000
L03580,2024-06-05,750000,16.31,48,C,business,West Bengal,25000
L03581,2024-03-08,150000,10.5,36,A,personal,Gujarat,75000
L03582,2024-02-06,1000000,17.71,36,C,personal,Gujarat,100000
L03583,2024-02-17,50000,14.65,24,B,education,Maharashtra,50000
L03584,2024-12-18,750000,10.86,12,A,vehicle,Telangana,100000
L03585,2024-08-21,300000,11.54,12,A,education,Rajasthan,75000
L03586,2024-03-16,750000,16.17,48,C,education,Gujarat,100000
L03587,2024-03-01,300000,20.61,24,D,vehicle,Delhi,150000
L03588,2024-07-07,300000,14.07,12,B,vehicle,Andhra Pradesh,35000
L03589,2024-04-03,300000,13.73,12,B,education,Maharashtra,150000
L03590,2024-02-09,750000,11.26,12,A,education,Telangana,150000
L03591,2024-01-09,50000,13.77,48,B,personal,Rajasthan,100000
L03592,2024-10-26,100000,21.66,24,D,business,West Bengal,150000
L03593,2024-12-16,150000,17.78,48,C,education,Rajasthan,150000
L03594,2024-01-08,300000,16.13,36,C,personal,Delhi,25000
L03595,2024-02-28,100000,11.03,12,A,business,Maharashtra,50000
L03596,2024-11-04,200000,20.31,48,D,education,Maharashtra,50000
L03597,2024-07-01,50000,14.0,36,B,personal,West Bengal,75000
L03598,2024-02-01,1000000,11.05,24,A,personal,Delhi,50000
L03599,2024-08-05,750000,16.54,24,C,consumer_durable,Gujarat,150000
L03600,2024-08-24,300000,26.58,36,E,personal,Telangana,35000
L03601,2024-10-21,1000000,20.53,48,D,personal,Kerala,35000
L03602,2024-07-24,100000,11.42,36,A,personal,Tamil Nadu,150000
L03603,2024-07-01,300000,13.14,24,B,vehicle,West Bengal,75000
L03604,2024-09-02,100000,14.41,36,B,consumer_durable,West Bengal,35000
L03605,2024-09-20,50000,10.16,48,A,business,Delhi,75000
L03606,2024-07-02,150000,16.64,48,C,business,Maharashtra,25000
L03607,2024-07-15,300000,11.9,36,A,education,West Bengal,150000
L03608,2024-09-03,300000,17.02,48,C,personal,Telangana,75000
L03609,2024-08-26,50000,21.98,48,D,personal,Karnataka,75000
L03610,2024-06-19,200000,14.31,36,B,education,Telangana,35000
L03611,2024-02-04,50000,20.89,12,D,consumer_durable,Karnataka,100000
L03612,2024-01-09,750000,17.66,12,C,vehicle,Karnataka,50000
L03613,2024-06-11,100000,11.89,48,A,consumer_durable,Delhi,35000
L03614,2024-12-14,300000,11.33,36,A,business,Tamil Nadu,35000
L03615,2024-11-01,100000,13.96,24,B,vehicle,Gujarat,35000
L03616,2024-12-26,50000,20.62,24,D,consumer_durable,West Bengal,50000
L03617,2024-12-20,750000,11.44,48,A,consumer_durable,Telangana,25000
L03618,2024-05-25,200000,26.92,48,E,vehicle,Delhi,100000
L03619,2024-04-26,150000,14.86,36,B,education,West Bengal,50000
L03620,2024-03-28,200000,26.67,48,E,consumer_durable,Rajasthan,75000
L03621,2024-04-09,300000,17.4,24,C,personal,Andhra Pradesh,100000
L03622,2024-06-12,50000,13.86,12,B,consumer_durable,Telangana,50000
L03623,2024-12-04,150000,13.24,48,B,vehicle,Gujarat,25000
L03624,2024-06-25,200000,14.87,36,B,consumer_durable,Delhi,75000
L03625,2024-05-22,1000000,10.03,36,A,business,Andhra Pradesh,25000
L03626,2024-04-09,200000,21.2,24,D,consumer_durable,Karnataka,150000
L03627,2024-12-19,750000,13.8,24,B,business,Gujarat,35000
L03628,2024-10-06,50000,16.66,48,C,personal,Maharashtra,25000
L03629,2024-12-02,100000,17.33,12,C,business,West Bengal,25000
L03630,2024-05-26,1000000,13.39,36,B,education,Rajasthan,25000
L03631,2024-01-02,100000,11.71,24,A,vehicle,Rajasthan,50000
L03632,2024-10-02,750000,17.66,48,C,consumer_durable,Tamil Nadu,35000
L03633,2024-05-22,200000,16.15,36,C,education,Karnataka,75000
L03634,2024-04-21,1000000,17.9,48,C,business,Gujarat,150000
L03635,2024-02-25,150000,13.25,24,B,vehicle,Maharashtra,75000
L03636,2024-07-27,100000,11.05,36,A,personal,Andhra Pradesh,75000
L03637,2024-03-07,200000,11.66,48,A,business,Karnataka,150000
L03638,2024-04-11,200000,16.85,12,C,consumer_durable,Andhra Pradesh,75000
L03639,2024-10-22,200000,10.29,12,A,education,Telangana,150000
L03640,2024-09-05,500000,10.28,48,A,consumer_durable,Karnataka,35000
L03641,2024-05-20,200000,13.92,36,B,vehicle,Tamil Nadu,50000
L03642,2024-05-10,750000,11.52,36,A,vehicle,West Bengal,150000
L03643,2024-02-03,750000,17.01,36,C,vehicle,Telangana,25000
L03644,2024-09-01,50000,14.21,36,B,education,Andhra Pradesh,75000
L03645,2024-06-20,500000,10.63,12,A,consumer_durable,Tamil Nadu,75000
L03646,2024-06-19,50000,13.34,12,B,vehicle,Maharashtra,150000
L03647,2024-08-06,750000,17.91,12,C,consumer_durable,Tamil Nadu,150000
L03648,2024-04-05,750000,26.45,24,E,business,Rajasthan,50000
L03649,2024-06-12,50000,10.35,48,A,consumer_durable,Telangana,150000
L03650,2024-06-16,200000,14.2,36,B,business,Karnataka,100000
L03651,2024-08-09,150000,25.51,12,E,personal,Karnataka,75000
L03652,2024-08-01,750000,17.93,24,C,education,West Bengal,35000
L03653,2024-08-28,750000,26.92,48,E,personal,Karnataka,35000
L03654,2024-03-07,300000,14.46,24,B,personal,Maharashtra,100000
L03655,2024-01-24,750000,11.91,24,A,education,Tamil Nadu,150000
L03656,2024-04-27,150000,11.02,24,A,personal,Maharashtra,75000
L03657,2024-11-15,200000,16.17,24,C,consumer_durable,Gujarat,50000
L03658,2024-08-05,150000,13.37,12,B,personal,Kerala,75000
L03659,2024-08-09,300000,20.28,12,D,consumer_durable,Tamil Nadu,75000
L03660,2024-04-21,750000,17.52,48,C,business,Karnataka,35000
L03661,2024-02-22,500000,16.71,12,C,personal,Gujarat,25000
L03662,2024-12-18,100000,11.24,36,A,vehicle,Tamil Nadu,75000
L03663,2024-01-07,200000,21.38,48,D,personal,Andhra Pradesh,35000
L03664,2024-12-21,500000,10.08,24,A,personal,Telangana,150000
L03665,2024-11-09,150000,11.75,24,A,consumer_durable,Gujarat,35000
L03666,2024-03-28,750000,14.54,12,B,education,Karnataka,75000
L03667,2024-07-20,200000,16.25,48,C,education,Andhra Pradesh,150000
L03668,2024-01-09,50000,16.5,36,C,business,Delhi,25000
L03669,2024-07-09,750000,25.2,48,E,personal,Maharashtra,150000
L03670,2024-06-18,300000,14.58,12,B,personal,Gujarat,150000
L03671,2024-03-19,1000000,16.81,48,C,vehicle,Rajasthan,25000
L03672,2024-06-01,300000,16.19,36,C,personal,Kerala,75000
L03673,2024-12-25,750000,16.2,24,C,personal,Gujarat,35000
L03674,2024-04-23,500000,16.32,24,C,vehicle,Rajasthan,25000
L03675,2024-11-15,200000,14.97,36,B,vehicle,Gujarat,50000
L03676,2024-07-06,300000,16.99,36,C,vehicle,Kerala,50000
L03677,2024-06-25,100000,10.17,24,A,business,Gujarat,100000
L03678,2024-12-18,150000,16.93,24,C,consumer_durable,Maharashtra,35000
L03679,2024-10-01,1000000,10.55,24,A,personal,Delhi,50000
L03680,2024-10-16,50000,21.41,12,D,education,West Bengal,25000
L03681,2024-03-06,300000,17.65,24,C,business,Gujarat,150000
L03682,2024-03-02,500000,17.19,36,C,business,Kerala,75000
L03683,2024-10-28,1000000,13.99,12,B,personal,Telangana,75000
L03684,2024-05-25,200000,25.04,36,E,consumer_durable,West Bengal,35000
L03685,2024-11-04,300000,13.65,12,B,consumer_durable,Maharashtra,100000
L03686,2024-10-15,500000,14.94,12,B,personal,Gujarat,150000
L03687,2024-04-07,150000,20.36,48,D,education,Kerala,75000
L03688,2024-07-22,200000,10.54,12,A,vehicle,Rajasthan,150000
L03689,2024-08-09,200000,13.01,48,B,personal,Karnataka,150000
L03690,2024-10-05,1000000,11.15,48,A,personal,Gujarat,150000
L03691,2024-04-07,50000,14.82,48,B,education,Rajasthan,150000
L03692,2024-12-21,150000,14.03,48,B,education,Karnataka,100000
L03693,2024-10-15,300000,17.55,48,C,vehicle,Maharashtra,150000
L03694,2024-08-08,50000,21.29,48,D,education,Delhi,100000
L03695,2024-06-15,300000,17.56,36,C,business,Delhi,25000
L03696,2024-10-27,50000,20.9,24,D,consumer_durable,Tamil Nadu,75000
L03697,2024-04-10,500000,16.57,48,C,business,Kerala,25000
L03698,2024-12-09,50000,17.87,24,C,business,Kerala,150000
L03699,2024-09-11,200000,21.84,12,D,consumer_durable,Kerala,150000
L03700,2024-06-15,750000,16.73,24,C,consumer_durable,Gujarat,75000
L03701,2024-09-10,100000,16.76,24,C,business,Maharashtra,75000
L03702,2024-08-21,200000,20.11,12,D,consumer_durable,Andhra Pradesh,75000
L03703,2024-01-21,200000,10.63,12,A,consumer_durable,Rajasthan,100000
L03704,2024-04-23,150000,10.3,36,A,business,Maharashtra,35000
L03705,2024-10-11,750000,21.16,24,D,education,Gujarat,150000
L03706,2024-03-27,150000,16.45,48,C,business,Telangana,35000
L03707,2024-12-11,500000,14.39,12,B,business,Kerala,75000
L03708,2024-03-08,50000,10.38,36,A,consumer_durable,Andhra Pradesh,25000
L03709,2024-10-08,500000,11.77,36,A,business,Gujarat,50000
L03710,2024-03-02,50000,17.83,12,C,consumer_durable,Karnataka,75000
L03711,2024-05-09,200000,10.84,36,A,education,Delhi,75000
L03712,2024-02-18,100000,17.53,24,C,education,Karnataka,150000
L03713,2024-06-01,50000,11.69,48,A,consumer_durable,Karnataka,35000
L03714,2024-09-21,150000,11.81,24,A,personal,Gujarat,75000
L03715,2024-06-08,750000,11.11,12,A,business,Gujarat,50000
L03716,2024-01-05,500000,14.16,48,B,vehicle,Gujarat,75000
L03717,2024-09-20,1000000,10.97,36,A,vehicle,Telangana,150000
L03718,2024-04-19,750000,11.72,12,A,business,West Bengal,25000
L03719,2024-04-13,150000,11.39,48,A,vehicle,West Bengal,100000
L03720,2024-10-15,150000,10.3,36,A,business,Maharashtra,75000
L03721,2024-08-01,50000,10.86,12,A,business,Karnataka,35000
L03722,2024-04-09,200000,11.17,36,A,education,Maharashtra,75000
L03723,2024-02-13,1000000,14.79,24,B,personal,Rajasthan,150000
L03724,2024-04-19,200000,11.51,12,A,education,Tamil Nadu,100000
L03725,2024-06-08,150000,20.22,12,D,consumer_durable,Karnataka,35000
L03726,2024-01-18,750000,10.08,24,A,vehicle,Rajasthan,35000
L03727,2024-03-15,1000000,17.5,12,C,business,Delhi,100000
L03728,2024-09-15,1000000,14.47,24,B,education,Tamil Nadu,25000
L03729,2024-11-17,150000,13.32,12,B,personal,Tamil Nadu,75000
L03730,2024-05-14,50000,26.8,48,E,business,Rajasthan,100000
L03731,2024-01-28,300000,13.98,48,B,personal,West Bengal,50000
L03732,2024-06-06,300000,14.83,36,B,consumer_durable,Telangana,75000
L03733,2024-09-18,300000,13.94,36,B,personal,Andhra Pradesh,25000
L03734,2024-08-15,300000,20.83,48,D,personal,West Bengal,25000
L03735,2024-03-18,1000000,11.91,36,A,vehicle,West Bengal,100000
L03736,2024-03-13,150000,11.03,12,A,consumer_durable,Delhi,25000
L03737,2024-08-03,50000,13.68,48,B,personal,Gujarat,75000
L03738,2024-01-26,750000,17.09,24,C,personal,West Bengal,75000
L03739,2024-10-27,1000000,14.94,36,B,personal,Tamil Nadu,75000
L03740,2024-03-25,200000,17.8,36,C,vehicle,Rajasthan,150000
L03741,2024-05-03,500000,14.34,48,B,personal,Karnataka,100000
L03742,2024-09-15,300000,17.11,12,C,personal,Andhra Pradesh,25000
L03743,2024-02-12,750000,16.97,24,C,personal,Andhra Pradesh,75000
L03744,2024-05-02,50000,16.94,36,C,vehicle,Telangana,75000
L03745,2024-10-13,500000,26.46,48,E,vehicle,Delhi,75000
L03746,2024-02-03,50000,10.66,12,A,education,Maharashtra,25000
L03747,2024-08-18,50000,17.63,36,C,personal,Tamil Nadu,25000
L03748,2024-05-19,150000,13.7,48,B,vehicle,Telangana,150000
L03749,2024-01-22,150000,16.07,24,C,education,Andhra Pradesh,50000
L03750,2024-08-22,1000000,20.54,36,D,vehicle,Kerala,75000
L03751,2024-05-27,1000000,14.5,24,B,business,Tamil Nadu,75000
L03752,2024-03-02,300000,17.34,36,C,personal,West Bengal,50000
L03753,2024-01-26,200000,10.88,36,A,personal,Telangana,35000
L03754,2024-07-26,200000,14.74,48,B,education,Kerala,75000
L03755,2024-07-25,100000,14.49,12,B,education,Gujarat,50000
L03756,2024-08-10,100000,14.62,12,B,business,Rajasthan,50000
L03757,2024-02-09,750000,17.03,36,C,education,Kerala,25000
L03758,2024-06-17,200000,14.91,48,B,vehicle,Delhi,150000
L03759,2024-05-11,500000,10.89,12,A,education,Kerala,100000
L03760,2024-06-25,200000,13.37,24,B,business,Tamil Nadu,75000
L03761,2024-02-03,100000,16.19,12,C,education,Gujarat,150000
L03762,2024-07-17,300000,20.82,36,D,education,Telangana,35000
L03763,2024-07-04,500000,11.65,24,A,personal,Andhra Pradesh,150000
L03764,2024-09-01,300000,17.39,12,C,vehicle,Tamil Nadu,150000
L03765,2024-10-16,300000,20.31,24,D,personal,Gujarat,50000
L03766,2024-09-28,150000,11.65,48,A,education,Karnataka,150000
L03767,2024-05-16,100000,17.71,36,C,education,Rajasthan,50000
L03768,2024-03-19,750000,13.01,24,B,consumer_durable,Karnataka,75000
L03769,2024-03-03,300000,17.36,36,C,consumer_durable,Karnataka,75000
L03770,2024-05-12,500000,11.07,24,A,education,Tamil Nadu,75000
L03771,2024-09-17,750000,14.24,48,B,education,Rajasthan,100000
L03772,2024-05-11,1000000,13.66,36,B,consumer_durable,Delhi,25000
L03773,2024-10-05,50000,10.23,24,A,consumer_durable,Maharashtra,150000
L03774,2024-08-11,750000,13.36,12,B,education,Telangana,50000
L03775,2024-01-04,200000,14.03,24,B,business,Rajasthan,50000
L03776,2024-07-24,1000000,17.21,36,C,consumer_durable,Karnataka,25000
L03777,2024-07-05,750000,26.11,24,E,vehicle,Maharashtra,75000
L03778,2024-05-17,750000,10.67,12,A,business,Telangana,25000
L03779,2024-08-21,150000,14.41,36,B,vehicle,Telangana,25000
L03780,2024-03-26,1000000,11.92,48,A,personal,Rajasthan,75000
L03781,2024-08-28,150000,16.57,36,C,consumer_durable,Telangana,25000
L03782,2024-02-07,100000,16.26,12,C,consumer_durable,Rajasthan,35000
L03783,2024-01-13,1000000,14.08,48,B,personal,Gujarat,150000
L03784,2024-09-11,500000,21.25,48,D,consumer_durable,Telangana,50000
L03785,2024-01-06,300000,13.16,24,B,business,Tamil Nadu,25000
L03786,2024-01-11,750000,25.87,36,E,consumer_durable,Kerala,150000
L03787,2024-09-06,300000,16.35,36,C,consumer_durable,Maharashtra,50000
L03788,2024-04-27,200000,10.16,24,A,education,Rajasthan,100000
L03789,2024-12-25,1000000,20.18,24,D,vehicle,Tamil Nadu,25000
L03790,2024-09-14,750000,11.89,36,A,vehicle,Andhra Pradesh,150000
L03791,2024-09-23,750000,13.27,36,B,vehicle,Andhra Pradesh,35000
L03792,2024-12-08,750000,14.96,24,B,personal,Rajasthan,75000
L03793,2024-08-03,200000,14.66,12,B,consumer_durable,Tamil Nadu,150000
L03794,2024-11-12,200000,13.53,36,B,consumer_durable,Telangana,50000
L03795,2024-11-05,150000,20.39,48,D,consumer_durable,Maharashtra,25000
L03796,2024-06-23,200000,10.68,48,A,vehicle,Maharashtra,35000
L03797,2024-11-27,200000,17.49,24,C,vehicle,Rajasthan,50000
L03798,2024-01-10,1000000,21.85,24,D,business,Maharashtra,150000
L03799,2024-05-14,500000,25.68,24,E,education,Andhra Pradesh,75000
L03800,2024-07-16,300000,16.21,12,C,business,Kerala,75000
L03801,2024-11-15,300000,16.8,24,C,education,West Bengal,50000
L03802,2024-05-17,50000,13.59,36,B,consumer_durable,Andhra Pradesh,150000
L03803,2024-10-28,150000,11.42,12,A,vehicle,Delhi,100000
L03804,2024-12-15,500000,17.07,12,C,personal,West Bengal,35000
L03805,2024-10-27,300000,11.88,36,A,vehicle,West Bengal,50000
L03806,2024-09-20,750000,10.05,36,A,vehicle,Maharashtra,25000
L03807,2024-04-19,50000,10.45,12,A,personal,Telangana,150000
L03808,2024-07-05,1000000,25.18,24,E,vehicle,Gujarat,75000
L03809,2024-09-25,50000,13.64,12,B,personal,Rajasthan,150000
L03810,2024-04-07,100000,10.73,48,A,business,Telangana,50000
L03811,2024-11-15,50000,13.26,48,B,vehicle,Rajasthan,75000
L03812,2024-06-20,500000,11.85,48,A,education,Gujarat,75000
L03813,2024-08-11,300000,16.71,36,C,education,Kerala,50000
L03814,2024-06-21,50000,26.78,24,E,consumer_durable,Tamil Nadu,100000
L03815,2024-05-17,100000,16.89,36,C,business,Karnataka,100000
L03816,2024-12-11,500000,11.88,24,A,business,Tamil Nadu,25000
L03817,2024-02-13,150000,26.55,36,E,personal,Karnataka,100000
L03818,2024-06-16,150000,16.19,36,C,business,Gujarat,35000
L03819,2024-11-05,200000,10.08,48,A,consumer_durable,Kerala,50000
L03820,2024-09-05,50000,14.03,36,B,personal,Telangana,150000
L03821,2024-02-26,200000,13.34,24,B,business,Delhi,25000
L03822,2024-07-08,150000,17.17,36,C,personal,Kerala,50000
L03823,2024-01-12,100000,11.65,24,A,business,Andhra Pradesh,100000
L03824,2024-05-27,50000,14.41,48,B,education,Delhi,25000
L03825,2024-06-10,200000,11.81,48,A,personal,Karnataka,100000
L03826,2024-02-07,100000,21.91,36,D,vehicle,Delhi,100000
L03827,2024-04-20,1000000,16.14,48,C,vehicle,Andhra Pradesh,75000
L03828,2024-04-10,100000,13.37,24,B,personal,Karnataka,35000
L03829,2024-12-23,150000,11.24,24,A,education,Karnataka,35000
L03830,2024-05-18,300000,11.18,12,A,vehicle,Kerala,100000
L03831,2024-11-17,50000,26.11,12,E,education,West Bengal,150000
L03832,2024-02-27,500000,13.32,12,B,education,Kerala,25000
L03833,2024-04-11,100000,14.34,48,B,education,Telangana,25000
L03834,2024-07-28,150000,13.47,48,B,consumer_durable,Maharashtra,50000
L03835,2024-02-01,100000,26.82,24,E,education,Kerala,25000
L03836,2024-06-27,1000000,16.58,12,C,personal,Telangana,150000
L03837,2024-04-09,150000,10.05,36,A,education,Gujarat,75000
L03838,2024-09-16,1000000,10.15,48,A,business,Maharashtra,150000
L03839,2024-03-12,500000,14.5,48,B,vehicle,Telangana,25000
L03840,2024-01-27,200000,20.24,24,D,consumer_durable,Rajasthan,150000
L03841,2024-12-25,50000,10.63,48,A,personal,Telangana,100000
L03842,2024-07-28,200000,16.12,48,C,personal,Maharashtra,50000
L03843,2024-10-28,300000,16.81,48,C,consumer_durable,Kerala,35000
L03844,2024-04-07,150000,21.97,48,D,personal,Maharashtra,75000
L03845,2024-01-26,500000,11.05,12,A,education,Andhra Pradesh,25000
L03846,2024-04-08,50000,11.12,24,A,vehicle,Delhi,35000
L03847,2024-09-25,750000,20.68,48,D,business,Delhi,150000
L03848,2024-11-06,200000,14.25,24,B,consumer_durable,Gujarat,100000
L03849,2024-09-28,1000000,16.37,36,C,education,Tamil Nadu,150000
L03850,2024-06-11,500000,14.49,12,B,vehicle,Kerala,25000
L03851,2024-04-10,750000,21.56,24,D,vehicle,West Bengal,75000
L03852,2024-08-07,200000,14.1,48,B,education,Telangana,35000
L03853,2024-12-08,50000,25.07,48,E,business,Andhra Pradesh,50000
L03854,2024-05-17,750000,13.84,48,B,consumer_durable,Delhi,25000
L03855,2024-03-02,1000000,14.53,48,B,vehicle,Karnataka,75000
L03856,2024-08-13,150000,14.15,12,B,personal,Delhi,50000
L03857,2024-02-24,50000,14.03,36,B,business,Karnataka,50000
L03858,2024-12-07,100000,14.41,48,B,personal,Karnataka,75000
L03859,2024-07-01,100000,13.2,24,B,consumer_durable,Karnataka,25000
L03860,2024-12-01,150000,13.8,36,B,business,Gujarat,150000
L03861,2024-05-06,750000,17.94,48,C,education,Telangana,75000
L03862,2024-04-16,300000,14.85,48,B,personal,Delhi,25000
L03863,2024-06-09,300000,11.26,36,A,education,Gujarat,150000
L03864,2024-04-01,750000,13.06,12,B,personal,Kerala,75000
L03865,2024-03-08,150000,16.3,48,C,education,Andhra Pradesh,50000
L03866,2024-12-25,100000,17.3,48,C,vehicle,West Bengal,100000
L03867,2024-01-19,500000,11.32,36,A,consumer_durable,Maharashtra,100000
L03868,2024-10-19,50000,11.56,12,A,consumer_durable,Gujarat,25000
L03869,2024-12-26,100000,13.38,36,B,personal,Telangana,50000
L03870,2024-04-28,300000,21.12,48,D,consumer_durable,Maharashtra,25000
L03871,2024-10-11,150000,17.62,36,C,personal,Delhi,35000
L03872,2024-10-24,500000,16.51,48,C,consumer_durable,Kerala,50000
L03873,2024-12-16,100000,11.96,36,A,consumer_durable,Tamil Nadu,75000
L03874,2024-02-14,50000,14.93,12,B,consumer_durable,Telangana,50000
L03875,2024-06-19,300000,14.39,24,B,vehicle,Gujarat,150000
L03876,2024-09-08,750000,11.42,24,A,consumer_durable,Delhi,150000
L03877,2024-11-22,1000000,14.44,12,B,personal,Karnataka,75000
L03878,2024-12-20,100000,10.25,36,A,business,Andhra Pradesh,75000
L03879,2024-05-28,200000,25.08,36,E,education,Delhi,25000
L03880,2024-12-21,300000,16.35,24,C,business,Gujarat,35000
L03881,2024-08-06,200000,17.28,48,C,business,West Bengal,150000
L03882,2024-01-05,100000,14.32,48,B,business,West Bengal,50000
L03883,2024-02-11,1000000,16.19,24,C,personal,Rajasthan,75000
L03884,2024-12-01,300000,25.15,48,E,education,Karnataka,25000
L03885,2024-07-09,100000,25.15,36,E,consumer_durable,Karnataka,25000
L03886,2024-10-15,200000,25.12,36,E,business,Tamil Nadu,150000
L03887,2024-12-27,1000000,16.43,36,C,vehicle,Telangana,75000
L03888,2024-09-22,1000000,26.94,48,E,consumer_durable,Maharashtra,25000
L03889,2024-06-08,100000,14.27,24,B,business,Karnataka,35000
L03890,2024-03-25,50000,11.1,24,A,consumer_durable,Andhra Pradesh,100000
L03891,2024-11-13,50000,26.23,48,E,personal,Tamil Nadu,100000
L03892,2024-04-27,200000,14.1,36,B,consumer_durable,Karnataka,75000
L03893,2024-12-01,150000,14.95,12,B,vehicle,Andhra Pradesh,25000
L03894,2024-04-16,50000,20.89,12,D,education,Rajasthan,150000
L03895,2024-10-08,750000,14.5,24,B,personal,Andhra Pradesh,150000
L03896,2024-05-20,200000,10.55,24,A,consumer_durable,Andhra Pradesh,150000
L03897,2024-11-06,1000000,14.73,48,B,business,Maharashtra,75000
L03898,2024-07-11,300000,17.62,48,C,vehicle,West Bengal,75000
L03899,2024-10-17,300000,13.18,24,B,education,Karnataka,75000
L03900,2024-10-12,300000,26.0,12,E,personal,Telangana,50000
L03901,2024-01-06,150000,14.51,48,B,vehicle,West Bengal,100000
L03902,2024-03-28,200000,25.12,48,E,business,Gujarat,35000
L03903,2024-04-08,500000,26.9,12,E,education,Maharashtra,75000
L03904,2024-01-24,300000,17.55,48,C,vehicle,Gujarat,25000
L03905,2024-03-09,500000,13.29,48,B,consumer_durable,Andhra Pradesh,50000
L03906,2024-04-16,500000,11.42,12,A,personal,Gujarat,35000
L03907,2024-04-07,750000,14.2,24,B,consumer_durable,West Bengal,35000
L03908,2024-09-12,300000,10.26,48,A,vehicle,Rajasthan,35000
L03909,2024-03-06,200000,13.99,36,B,education,Telangana,25000
L03910,2024-12-23,200000,11.43,12,A,personal,Rajasthan,150000
L03911,2024-05-02,150000,17.31,24,C,consumer_durable,Maharashtra,50000
L03912,2024-04-22,200000,11.77,12,A,education,Rajasthan,35000
L03913,2024-02-05,500000,13.8,36,B,consumer_durable,Rajasthan,150000
L03914,2024-08-04,300000,20.93,36,D,personal,Andhra Pradesh,75000
L03915,2024-11-21,750000,14.08,48,B,business,Gujarat,150000
L03916,2024-12-05,300000,14.46,12,B,business,Andhra Pradesh,150000
L03917,2024-11-06,200000,16.93,48,C,business,Maharashtra,50000
L03918,2024-08-07,150000,11.26,48,A,education,Rajasthan,50000
L03919,2024-03-17,300000,17.45,24,C,education,Maharashtra,35000
L03920,2024-11-22,1000000,17.83,24,C,vehicle,Karnataka,150000
L03921,2024-10-17,200000,13.33,36,B,education,West Bengal,50000
L03922,2024-12-01,100000,17.36,24,C,business,Maharashtra,75000
L03923,2024-01-13,750000,14.28,48,B,vehicle,Delhi,75000
L03924,2024-10-19,100000,14.74,48,B,vehicle,Tamil Nadu,100000
L03925,2024-01-08,100000,17.78,36,C,vehicle,Delhi,35000
L03926,2024-02-11,750000,20.34,36,D,education,West Bengal,35000
L03927,2024-10-22,1000000,20.59,48,D,vehicle,Kerala,100000
L03928,2024-05-01,500000,11.83,24,A,education,Kerala,50000
L03929,2024-07-25,300000,13.83,36,B,vehicle,Karnataka,75000
L03930,2024-01-05,1000000,10.43,12,A,personal,Tamil Nadu,150000
L03931,2024-07-22,1000000,21.88,48,D,vehicle,Tamil Nadu,50000
L03932,2024-12-27,1000000,16.41,24,C,vehicle,Telangana,50000
L03933,2024-04-20,1000000,20.54,12,D,consumer_durable,West Bengal,25000
L03934,2024-01-10,100000,16.07,48,C,consumer_durable,Maharashtra,150000
L03935,2024-05-25,150000,13.83,48,B,education,Kerala,150000
L03936,2024-10-12,1000000,17.03,36,C,personal,Andhra Pradesh,75000
L03937,2024-08-04,50000,17.2,48,C,business,Gujarat,150000
L03938,2024-06-25,100000,25.03,48,E,vehicle,Delhi,75000
L03939,2024-08-26,300000,13.51,24,B,vehicle,Rajasthan,75000
L03940,2024-12-11,50000,17.49,24,C,education,Kerala,25000
L03941,2024-02-18,750000,16.87,24,C,consumer_durable,Rajasthan,50000
L03942,2024-09-25,1000000,16.18,24,C,consumer_durable,Delhi,35000
L03943,2024-07-17,500000,20.09,36,D,education,Telangana,100000
L03944,2024-01-05,150000,11.49,24,A,personal,Rajasthan,100000
L03945,2024-10-21,750000,16.56,24,C,business,Telangana,50000
L03946,2024-09-13,200000,16.72,36,C,vehicle,Karnataka,35000
L03947,2024-04-17,500000,20.78,48,D,personal,Maharashtra,100000
L03948,2024-05-14,200000,13.66,36,B,consumer_durable,West Bengal,25000
L03949,2024-07-09,50000,20.42,48,D,business,Andhra Pradesh,75000
L03950,2024-02-14,100000,17.31,12,C,vehicle,Tamil Nadu,25000
L03951,2024-04-24,50000,21.97,48,D,business,Gujarat,100000
L03952,2024-11-02,100000,17.28,12,C,business,Karnataka,50000
L03953,2024-06-05,200000,13.43,48,B,consumer_durable,Maharashtra,25000
L03954,2024-01-25,500000,20.63,12,D,vehicle,Kerala,50000
L03955,2024-09-01,1000000,16.39,12,C,personal,Karnataka,35000
L03956,2024-02-18,500000,21.71,12,D,business,Rajasthan,25000
L03957,2024-10-19,100000,14.2,12,B,vehicle,West Bengal,150000
L03958,2024-06-11,500000,16.07,12,C,education,Karnataka,150000
L03959,2024-10-14,200000,21.67,48,D,personal,Rajasthan,75000
L03960,2024-01-18,1000000,16.15,12,C,business,Kerala,35000
L03961,2024-09-23,200000,17.41,36,C,personal,Andhra Pradesh,150000
L03962,2024-10-08,750000,10.17,24,A,vehicle,Karnataka,35000
L03963,2024-03-02,500000,10.33,36,A,personal,Maharashtra,35000
L03964,2024-08-16,100000,14.87,36,B,education,Rajasthan,50000
L03965,2024-01-13,1000000,13.51,48,B,personal,Karnataka,150000
L03966,2024-12-05,150000,21.81,12,D,vehicle,Maharashtra,75000
L03967,2024-07-11,500000,17.89,48,C,personal,Tamil Nadu,25000
L03968,2024-11-03,750000,10.1,12,A,personal,Tamil Nadu,150000
L03969,2024-10-28,200000,17.75,24,C,vehicle,Maharashtra,35000
L03970,2024-03-02,1000000,14.16,48,B,vehicle,Telangana,25000
L03971,2024-09-22,500000,17.2,12,C,personal,Kerala,150000
L03972,2024-07-28,100000,14.14,12,B,business,Gujarat,25000
L03973,2024-01-27,100000,13.13,24,B,consumer_durable,Maharashtra,100000
L03974,2024-12-18,300000,11.55,12,A,business,Delhi,150000
L03975,2024-09-23,750000,17.68,12,C,education,Andhra Pradesh,25000
L03976,2024-10-11,200000,10.55,36,A,business,Kerala,50000
L03977,2024-11-26,750000,10.02,36,A,education,Maharashtra,75000
L03978,2024-07-14,1000000,20.52,24,D,education,Rajasthan,50000
L03979,2024-03-20,50000,13.97,36,B,personal,Delhi,35000
L03980,2024-06-15,50000,16.58,48,C,consumer_durable,Tamil Nadu,50000
L03981,2024-07-20,300000,20.91,12,D,education,Gujarat,35000
L03982,2024-05-16,750000,11.88,24,A,education,West Bengal,25000
L03983,2024-07-17,300000,14.34,36,B,education,Maharashtra,35000
L03984,2024-08-13,750000,25.26,12,E,personal,West Bengal,75000
L03985,2024-04-10,750000,10.87,24,A,business,West Bengal,100000
L03986,2024-01-04,750000,16.97,48,C,business,West Bengal,35000
L03987,2024-05-02,1000000,21.64,24,D,personal,Gujarat,75000
L03988,2024-03-11,200000,25.17,24,E,business,Tamil Nadu,35000
L03989,2024-07-27,500000,14.66,12,B,personal,Rajasthan,50000
L03990,2024-02-15,300000,17.2,24,C,personal,Gujarat,25000
L03991,2024-06-24,150000,13.02,24,B,business,Telangana,25000
L03992,2024-06-14,100000,11.03,12,A,business,Kerala,100000
L03993,2024-03-24,150000,10.48,12,A,personal,Kerala,25000
L03994,2024-12-08,300000,21.83,12,D,business,Karnataka,50000
L03995,2024-05-23,1000000,21.02,24,D,consumer_durable,Andhra Pradesh,100000
L03996,2024-05-02,150000,17.38,24,C,personal,Karnataka,75000
L03997,2024-04-16,150000,25.46,12,E,education,Karnataka,150000
L03998,2024-10-13,50000,11.61,24,A,business,Tamil Nadu,75000
L03999,2024-10-25,1000000,14.04,48,B,vehicle,Gujarat,50000
L04000,2024-06-28,1000000,14.94,24,B,consumer_durable,Telangana,150000
L04001,2024-08-27,150000,13.39,24,B,business,Delhi,50000
L04002,2024-04-11,150000,17.28,12,C,personal,Andhra Pradesh,100000
L04003,2024-06-02,150000,17.11,24,C,business,Gujarat,50000
L04004,2024-08-06,150000,11.02,12,A,business,Andhra Pradesh,75000
L04005,2024-12-02,750000,14.83,24,B,education,Rajasthan,75000
L04006,2024-11-05,1000000,10.16,12,A,consumer_durable,Gujarat,35000
L04007,2024-07-18,200000,11.43,36,A,education,Telangana,25000
L04008,2024-02-22,150000,13.79,12,B,consumer_durable,Delhi,150000
L04009,2024-05-08,100000,20.51,12,D,personal,Maharashtra,75000
L04010,2024-10-26,300000,10.71,48,A,business,Gujarat,150000
L04011,2024-04-03,300000,14.86,48,B,personal,Karnataka,150000
L04012,2024-04-09,200000,20.45,48,D,vehicle,Kerala,75000
L04013,2024-01-25,1000000,20.06,12,D,vehicle,Delhi,35000
L04014,2024-12-18,1000000,10.73,36,A,education,West Bengal,150000
L04015,2024-08-17,100000,11.68,48,A,personal,Tamil Nadu,25000
L04016,2024-05-07,150000,14.0,48,B,consumer_durable,Telangana,100000
L04017,2024-01-07,300000,11.17,24,A,personal,Tamil Nadu,35000
L04018,2024-01-15,500000,10.53,12,A,business,Andhra Pradesh,35000
L04019,2024-12-17,300000,17.46,24,C,consumer_durable,Rajasthan,75000
L04020,2024-08-09,1000000,14.45,12,B,consumer_durable,Maharashtra,35000
L04021,2024-06-13,750000,14.72,12,B,personal,Andhra Pradesh,75000
L04022,2024-09-28,150000,25.32,24,E,personal,Tamil Nadu,150000
L04023,2024-04-28,150000,16.24,48,C,education,Tamil Nadu,75000
L04024,2024-03-14,300000,14.53,36,B,vehicle,Kerala,35000
L04025,2024-12-25,50000,11.81,36,A,education,West Bengal,100000
L04026,2024-07-22,50000,11.8,48,A,personal,Delhi,100000
L04027,2024-04-09,200000,13.19,36,B,vehicle,Gujarat,100000
L04028,2024-09-03,300000,21.16,12,D,education,Delhi,75000
L04029,2024-03-04,150000,14.93,12,B,consumer_durable,Telangana,75000
L04030,2024-12-01,100000,13.95,36,B,education,Telangana,75000
L04031,2024-07-24,100000,10.17,36,A,education,Gujarat,50000
L04032,2024-05-06,500000,17.15,12,C,education,Telangana,75000
L04033,2024-04-25,200000,14.84,48,B,vehicle,West Bengal,50000
L04034,2024-08-14,150000,13.98,48,B,consumer_durable,Andhra Pradesh,50000
L04035,2024-07-03,500000,14.58,24,B,business,Karnataka,75000
L04036,2024-04-25,100000,11.17,12,A,education,Rajasthan,50000
L04037,2024-04-07,1000000,11.71,12,A,consumer_durable,West Bengal,25000
L04038,2024-02-03,50000,13.07,24,B,education,Karnataka,50000
L04039,2024-03-24,50000,13.62,24,B,consumer_durable,Delhi,75000
L04040,2024-10-20,100000,16.52,12,C,personal,Maharashtra,150000
L04041,2024-07-25,750000,13.19,36,B,consumer_durable,Kerala,25000
L04042,2024-08-08,100000,13.69,12,B,consumer_durable,Andhra Pradesh,100000
L04043,2024-04-13,750000,25.92,48,E,vehicle,Maharashtra,100000
L04044,2024-03-25,100000,16.09,24,C,consumer_durable,Tamil Nadu,75000
L04045,2024-09-26,150000,13.11,48,B,education,Kerala,75000
L04046,2024-10-16,300000,26.82,12,E,business,Gujarat,150000
L04047,2024-08-15,200000,13.31,12,B,personal,Karnataka,150000
L04048,2024-08-22,100000,14.67,48,B,vehicle,Tamil Nadu,150000
L04049,2024-10-14,750000,20.01,36,D,consumer_durable,Rajasthan,100000
L04050,2024-01-25,750000,17.51,36,C,education,Andhra Pradesh,35000
L04051,2024-08-28,750000,26.97,36,E,vehicle,Telangana,75000
L04052,2024-07-07,1000000,10.1,24,A,consumer_durable,West Bengal,75000
L04053,2024-05-24,500000,17.19,36,C,education,Andhra Pradesh,150000
L04054,2024-10-21,750000,17.24,36,C,consumer_durable,Karnataka,50000
L04055,2024-08-09,200000,13.55,36,B,personal,Tamil Nadu,50000
L04056,2024-08-06,500000,10.48,12,A,education,Delhi,150000
L04057,2024-04-21,750000,20.63,36,D,business,Maharashtra,35000
L04058,2024-01-25,500000,13.56,48,B,education,Maharashtra,50000
L04059,2024-09-12,200000,10.4,48,A,education,Telangana,35000
L04060,2024-10-13,100000,16.5,36,C,education,Maharashtra,150000
L04061,2024-08-07,50000,20.95,12,D,business,Karnataka,50000
L04062,2024-12-09,750000,10.44,12,A,business,Karnataka,25000
L04063,2024-09-08,150000,20.82,48,D,education,West Bengal,35000
L04064,2024-08-09,300000,11.85,48,A,business,West Bengal,75000
L04065,2024-03-16,200000,16.44,24,C,education,Kerala,75000
L04066,2024-01-23,500000,11.19,36,A,personal,Maharashtra,25000
L04067,2024-08-26,1000000,10.87,12,A,education,Gujarat,25000
L04068,2024-08-16,300000,14.18,48,B,vehicle,Rajasthan,35000
L04069,2024-05-09,50000,25.85,24,E,business,Andhra Pradesh,150000
L04070,2024-04-28,1000000,14.06,36,B,personal,Gujarat,150000
L04071,2024-03-25,150000,16.82,48,C,personal,West Bengal,100000
L04072,2024-01-16,750000,14.51,12,B,education,Karnataka,35000
L04073,2024-07-04,200000,17.77,24,C,education,Karnataka,35000
L04074,2024-10-21,1000000,10.51,36,A,personal,Telangana,35000
L04075,2024-12-17,1000000,13.02,12,B,consumer_durable,Kerala,25000
L04076,2024-06-04,750000,17.69,12,C,consumer_durable,Delhi,25000
L04077,2024-09-22,1000000,14.06,36,B,consumer_durable,Rajasthan,150000
L04078,2024-04-09,200000,11.61,36,A,consumer_durable,Telangana,75000
L04079,2024-12-22,500000,21.32,12,D,business,Delhi,100000
L04080,2024-10-01,150000,11.03,24,A,personal,Andhra Pradesh,100000
L04081,2024-07-26,200000,21.58,36,D,vehicle,Karnataka,75000
L04082,2024-09-27,500000,14.49,36,B,business,Delhi,25000
L04083,2024-10-07,500000,14.99,12,B,vehicle,Tamil Nadu,150000
L04084,2024-12-27,500000,10.87,36,A,vehicle,West Bengal,100000
L04085,2024-06-06,50000,16.25,24,C,personal,Tamil Nadu,100000
L04086,2024-04-01,750000,25.76,24,E,vehicle,Gujarat,75000
L04087,2024-01-15,50000,14.96,12,B,business,Delhi,25000
L04088,2024-03-01,1000000,20.42,12,D,vehicle,Kerala,50000
L04089,2024-05-05,500000,10.01,24,A,personal,Rajasthan,35000
L04090,2024-03-26,750000,17.87,12,C,business,Rajasthan,25000
L04091,2024-01-12,50000,17.13,36,C,education,Delhi,150000
L04092,2024-08-20,500000,13.89,48,B,vehicle,Kerala,100000
L04093,2024-12-11,150000,25.54,36,E,vehicle,Rajasthan,25000
L04094,2024-08-05,100000,14.07,24,B,education,Tamil Nadu,75000
L04095,2024-02-17,150000,26.17,36,E,vehicle,Gujarat,50000
L04096,2024-09-22,750000,17.55,12,C,business,Gujarat,100000
L04097,2024-02-19,50000,11.87,48,A,education,Gujarat,50000
L04098,2024-11-26,1000000,10.78,36,A,personal,Delhi,100000
L04099,2024-06-24,100000,14.77,12,B,education,Kerala,35000
L04100,2024-05-02,300000,16.81,24,C,business,Maharashtra,75000
L04101,2024-06-12,750000,26.19,36,E,education,Telangana,50000
L04102,2024-09-25,100000,21.72,24,D,vehicle,Andhra Pradesh,75000
L04103,2024-08-21,300000,16.89,48,C,consumer_durable,Delhi,50000
L04104,2024-12-04,150000,13.74,24,B,vehicle,Rajasthan,75000
L04105,2024-04-16,300000,11.47,48,A,education,Maharashtra,25000
L04106,2024-06-20,300000,14.75,36,B,education,Delhi,100000
L04107,2024-05-24,750000,16.92,12,C,consumer_durable,West Bengal,35000
L04108,2024-11-28,500000,11.58,48,A,personal,Tamil Nadu,50000
L04109,2024-01-06,200000,13.69,48,B,consumer_durable,Andhra Pradesh,50000
L04110,2024-02-26,50000,16.75,24,C,vehicle,Andhra Pradesh,35000
L04111,2024-02-10,750000,16.72,36,C,personal,Telangana,50000
L04112,2024-05-12,50000,10.11,36,A,education,Telangana,50000
L04113,2024-06-14,500000,14.78,24,B,personal,West Bengal,100000
L04114,2024-11-16,200000,25.41,48,E,consumer_durable,Rajasthan,25000
L04115,2024-05-26,500000,14.52,12,B,personal,Rajasthan,75000
L04116,2024-02-16,50000,16.59,12,C,business,Gujarat,150000
L04117,2024-02-21,500000,14.53,48,B,education,Telangana,35000
L04118,2024-10-22,750000,14.77,24,B,personal,West Bengal,25000
L04119,2024-01-03,500000,14.29,12,B,business,Gujarat,100000
L04120,2024-06-27,100000,10.19,24,A,vehicle,Maharashtra,35000
L04121,2024-12-07,50000,13.07,24,B,vehicle,Kerala,75000
L04122,2024-01-22,50000,10.37,24,A,education,Rajasthan,150000
L04123,2024-02-18,150000,14.89,24,B,education,Delhi,50000
L04124,2024-07-25,1000000,26.04,48,E,consumer_durable,West Bengal,35000
L04125,2024-03-24,300000,17.76,12,C,education,Telangana,50000
L04126,2024-03-24,100000,13.37,48,B,consumer_durable,Delhi,75000
L04127,2024-01-09,750000,10.61,48,A,education,Telangana,150000
L04128,2024-07-14,1000000,17.2,24,C,consumer_durable,Kerala,150000
L04129,2024-09-16,100000,14.37,48,B,business,Delhi,100000
L04130,2024-08-22,300000,13.78,12,B,business,Delhi,75000
L04131,2024-10-20,200000,21.97,36,D,vehicle,Karnataka,50000
L04132,2024-11-05,750000,13.81,24,B,education,Delhi,25000
L04133,2024-10-25,750000,26.58,12,E,education,Kerala,75000
L04134,2024-11-26,750000,10.78,12,A,personal,Rajasthan,35000
L04135,2024-11-21,150000,20.49,24,D,business,West Bengal,100000
L04136,2024-04-15,150000,14.81,24,B,vehicle,Andhra Pradesh,150000
L04137,2024-07-22,300000,13.11,12,B,vehicle,Rajasthan,75000
L04138,2024-09-11,300000,14.41,48,B,education,Telangana,25000
L04139,2024-07-22,500000,20.66,36,D,consumer_durable,West Bengal,150000
L04140,2024-08-17,500000,21.65,48,D,education,Maharashtra,25000
L04141,2024-12-05,500000,20.13,48,D,consumer_durable,West Bengal,50000
L04142,2024-07-08,300000,16.43,24,C,consumer_durable,Maharashtra,50000
L04143,2024-06-07,300000,14.92,36,B,business,Tamil Nadu,25000
L04144,2024-11-17,150000,10.18,48,A,consumer_durable,Delhi,75000
L04145,2024-04-11,500000,16.27,12,C,education,Karnataka,100000
L04146,2024-11-01,500000,26.34,36,E,consumer_durable,Gujarat,150000
L04147,2024-09-11,200000,10.63,12,A,education,Karnataka,150000
L04148,2024-03-23,200000,11.82,48,A,consumer_durable,West Bengal,150000
L04149,2024-11-19,150000,26.71,12,E,business,Tamil Nadu,35000
L04150,2024-01-24,100000,10.0,12,A,consumer_durable,Maharashtra,25000
L04151,2024-09-09,150000,14.21,36,B,consumer_durable,Delhi,100000
L04152,2024-10-01,750000,20.72,36,D,vehicle,Andhra Pradesh,25000
L04153,2024-07-04,500000,17.23,12,C,business,Telangana,50000
L04154,2024-01-21,200000,20.09,48,D,consumer_durable,Gujarat,25000
L04155,2024-10-25,750000,10.15,24,A,vehicle,Karnataka,75000
L04156,2024-04-27,1000000,13.58,48,B,personal,Delhi,75000
L04157,2024-04-03,150000,10.09,24,A,consumer_durable,Delhi,35000
L04158,2024-07-12,150000,16.83,48,C,personal,Tamil Nadu,35000
L04159,2024-06-11,100000,11.81,12,A,consumer_durable,Tamil Nadu,50000
L04160,2024-07-15,500000,13.68,24,B,personal,Telangana,75000
L04161,2024-03-15,1000000,17.49,36,C,personal,Maharashtra,25000
L04162,2024-11-14,500000,21.81,48,D,personal,West Bengal,100000
L04163,2024-02-06,1000000,11.91,12,A,education,Karnataka,75000
L04164,2024-04-12,200000,14.62,24,B,education,Telangana,150000
L04165,2024-06-09,50000,21.26,36,D,education,Gujarat,25000
L04166,2024-01-15,750000,20.66,36,D,vehicle,Tamil Nadu,25000
L04167,2024-05-06,200000,16.06,48,C,business,West Bengal,150000
L04168,2024-11-11,500000,14.26,12,B,education,Maharashtra,35000
L04169,2024-11-03,300000,16.14,36,C,business,Rajasthan,100000
L04170,2024-10-08,500000,10.2,24,A,business,West Bengal,50000
L04171,2024-04-25,200000,17.96,24,C,personal,Gujarat,75000
L04172,2024-04-15,500000,17.4,12,C,personal,Kerala,100000
L04173,2024-05-08,100000,20.81,48,D,consumer_durable,Maharashtra,150000
L04174,2024-01-27,100000,17.57,36,C,consumer_durable,Maharashtra,25000
L04175,2024-10-06,500000,21.41,24,D,vehicle,Kerala,150000
L04176,2024-09-12,1000000,14.28,48,B,education,Karnataka,75000
L04177,2024-06-20,1000000,13.75,12,B,consumer_durable,Telangana,150000
L04178,2024-12-03,200000,16.06,12,C,business,Gujarat,100000
L04179,2024-09-07,750000,11.21,24,A,personal,Andhra Pradesh,100000
L04180,2024-08-01,750000,10.58,36,A,business,Maharashtra,75000
L04181,2024-06-27,300000,14.86,24,B,business,Kerala,35000
L04182,2024-11-16,500000,25.93,48,E,business,Maharashtra,100000
L04183,2024-08-18,150000,11.74,36,A,consumer_durable,Tamil Nadu,150000
L04184,2024-10-22,150000,25.9,24,E,consumer_durable,Maharashtra,35000
L04185,2024-02-04,750000,26.58,48,E,education,Maharashtra,150000
L04186,2024-01-19,200000,10.87,12,A,education,Delhi,100000
L04187,2024-01-02,100000,11.31,24,A,vehicle,Andhra Pradesh,150000
L04188,2024-06-28,150000,14.05,48,B,consumer_durable,Andhra Pradesh,75000
L04189,2024-10-15,100000,16.56,24,C,consumer_durable,Rajasthan,35000
L04190,2024-06-14,100000,20.21,48,D,business,West Bengal,25000
L04191,2024-06-20,1000000,25.4,36,E,consumer_durable,Kerala,150000
L04192,2024-06-28,150000,10.3,12,A,vehicle,Gujarat,75000
L04193,2024-12-17,1000000,11.59,24,A,business,Maharashtra,25000
L04194,2024-12-09,100000,13.85,48,B,consumer_durable,Telangana,50000
L04195,2024-08-24,150000,14.46,48,B,business,Rajasthan,75000
L04196,2024-10-08,300000,26.0,36,E,education,Kerala,150000
L04197,2024-05-07,500000,17.31,24,C,business,West Bengal,100000
L04198,2024-03-12,1000000,14.5,24,B,personal,Karnataka,100000
L04199,2024-07-21,750000,11.78,12,A,vehicle,West Bengal,75000
L04200,2024-10-19,100000,11.14,24,A,vehicle,Gujarat,35000
L04201,2024-04-25,200000,17.25,48,C,education,Telangana,25000
L04202,2024-09-26,750000,14.06,48,B,business,Telangana,35000
L04203,2024-12-06,500000,13.36,12,B,vehicle,Kerala,150000
L04204,2024-09-04,1000000,10.51,12,A,vehicle,Rajasthan,35000
L04205,2024-06-04,200000,13.58,48,B,vehicle,Kerala,35000
L04206,2024-02-15,150000,21.16,48,D,education,West Bengal,50000
L04207,2024-10-21,50000,21.59,36,D,consumer_durable,Gujarat,150000
L04208,2024-08-23,500000,16.65,48,C,consumer_durable,Kerala,25000
L04209,2024-03-22,200000,13.15,36,B,vehicle,Delhi,150000
L04210,2024-12-03,500000,13.5,12,B,business,Andhra Pradesh,50000
L04211,2024-08-06,150000,11.8,12,A,education,Delhi,100000
L04212,2024-12-28,200000,10.76,36,A,consumer_durable,Gujarat,75000
L04213,2024-10-04,300000,10.39,48,A,education,West Bengal,75000
L04214,2024-07-19,500000,25.65,36,E,vehicle,Kerala,150000
L04215,2024-01-26,300000,21.6,12,D,personal,Delhi,35000
L04216,2024-04-12,1000000,20.52,36,D,education,Tamil Nadu,25000
L04217,2024-09-26,50000,20.21,12,D,education,Rajasthan,150000
L04218,2024-03-25,100000,16.43,24,C,business,Andhra Pradesh,50000
L04219,2024-11-03,300000,11.59,12,A,personal,Gujarat,150000
L04220,2024-06-13,200000,13.6,12,B,personal,West Bengal,50000
L04221,2024-05-27,150000,20.77,36,D,business,Delhi,75000
L04222,2024-02-27,50000,26.82,24,E,business,Delhi,75000
L04223,2024-04-19,150000,16.29,36,C,personal,Andhra Pradesh,25000
L04224,2024-04-09,200000,17.33,48,C,consumer_durable,Maharashtra,100000
L04225,2024-01-24,300000,20.94,12,D,consumer_durable,Maharashtra,35000
L04226,2024-10-25,100000,20.1,36,D,personal,West Bengal,35000
L04227,2024-12-03,100000,13.52,24,B,personal,Tamil Nadu,35000
L04228,2024-07-03,100000,10.98,48,A,education,Maharashtra,100000
L04229,2024-02-17,300000,14.33,36,B,business,Karnataka,35000
L04230,2024-06-24,200000,10.87,12,A,vehicle,Rajasthan,50000
L04231,2024-07-23,100000,25.66,36,E,education,Karnataka,75000
L04232,2024-12-16,100000,17.33,24,C,education,Maharashtra,150000
L04233,2024-03-03,300000,14.19,12,B,personal,Delhi,35000
L04234,2024-05-04,300000,14.01,36,B,personal,Karnataka,35000
L04235,2024-07-19,500000,21.39,24,D,education,Karnataka,50000
L04236,2024-01-04,750000,20.64,24,D,personal,Karnataka,75000
L04237,2024-10-17,50000,13.3,36,B,business,West Bengal,100000
L04238,2024-10-10,750000,25.81,12,E,education,Tamil Nadu,75000
L04239,2024-07-15,100000,10.49,36,A,education,Karnataka,75000
L04240,2024-10-04,300000,14.39,36,B,vehicle,Tamil Nadu,150000
L04241,2024-02-07,50000,11.78,12,A,education,Gujarat,35000
L04242,2024-09-25,500000,10.81,24,A,vehicle,Delhi,35000
L04243,2024-03-24,50000,14.45,36,B,consumer_durable,Tamil Nadu,75000
L04244,2024-03-01,100000,14.26,24,B,business,Telangana,50000
L04245,2024-01-27,750000,10.88,48,A,consumer_durable,West Bengal,25000
L04246,2024-12-07,150000,14.24,48,B,consumer_durable,West Bengal,75000
L04247,2024-03-03,1000000,13.97,12,B,consumer_durable,Gujarat,35000
L04248,2024-04-23,50000,16.04,12,C,business,Karnataka,25000
L04249,2024-03-10,1000000,17.93,48,C,vehicle,Gujarat,50000
L04250,2024-02-14,500000,10.58,24,A,education,Tamil Nadu,75000
L04251,2024-12-23,750000,26.5,24,E,education,Rajasthan,50000
L04252,2024-02-26,200000,17.11,24,C,education,Kerala,35000
L04253,2024-11-06,200000,21.94,48,D,education,West Bengal,100000
L04254,2024-11-08,50000,10.55,36,A,consumer_durable,Telangana,25000
L04255,2024-02-27,500000,14.16,12,B,consumer_durable,Kerala,100000
L04256,2024-06-08,100000,11.3,36,A,consumer_durable,Maharashtra,50000
L04257,2024-11-01,1000000,11.97,48,A,consumer_durable,Gujarat,25000
L04258,2024-11-19,300000,17.13,48,C,vehicle,Gujarat,75000
L04259,2024-07-05,750000,14.41,12,B,vehicle,Rajasthan,25000
L04260,2024-05-18,500000,20.15,36,D,business,Delhi,150000
L04261,2024-06-04,500000,11.17,24,A,vehicle,Maharashtra,150000
L04262,2024-02-19,100000,13.7,48,B,vehicle,Gujarat,25000
L04263,2024-07-16,100000,20.05,36,D,business,Karnataka,150000
L04264,2024-06-24,750000,10.46,12,A,business,Maharashtra,50000
L04265,2024-03-05,200000,10.99,24,A,business,Tamil Nadu,75000
L04266,2024-08-28,1000000,21.69,12,D,vehicle,Tamil Nadu,35000
L04267,2024-02-15,100000,16.28,12,C,education,Kerala,150000
L04268,2024-05-22,200000,16.71,48,C,business,Tamil Nadu,25000
L04269,2024-06-19,150000,10.88,48,A,vehicle,Andhra Pradesh,35000
L04270,2024-04-08,300000,11.21,12,A,personal,Rajasthan,100000
L04271,2024-07-24,200000,13.11,36,B,education,Delhi,150000
L04272,2024-09-04,50000,20.47,12,D,vehicle,West Bengal,50000
L04273,2024-11-02,500000,14.43,12,B,vehicle,Karnataka,100000
L04274,2024-01-18,100000,11.41,12,A,consumer_durable,Maharashtra,35000
L04275,2024-11-18,750000,13.13,48,B,education,Andhra Pradesh,150000
L04276,2024-02-10,200000,16.37,48,C,personal,Telangana,150000
L04277,2024-11-10,50000,10.56,48,A,business,Telangana,150000
L04278,2024-01-14,300000,10.26,36,A,personal,Maharashtra,25000
L04279,2024-01-21,750000,10.0,36,A,personal,Telangana,25000
L04280,2024-12-15,500000,10.67,36,A,vehicle,Maharashtra,150000
L04281,2024-03-22,150000,14.37,24,B,education,Gujarat,75000
L04282,2024-02-16,1000000,16.26,48,C,personal,Rajasthan,100000
L04283,2024-08-16,1000000,21.43,48,D,consumer_durable,Andhra Pradesh,50000
L04284,2024-08-22,200000,21.0,12,D,vehicle,Telangana,100000
L04285,2024-11-21,200000,14.23,24,B,personal,Delhi,100000
L04286,2024-02-19,50000,13.55,36,B,business,Gujarat,150000
L04287,2024-08-27,100000,14.29,24,B,business,Karnataka,100000
L04288,2024-10-22,50000,14.0,48,B,business,Maharashtra,35000
L04289,2024-08-26,100000,16.7,36,C,education,Gujarat,100000
L04290,2024-09-21,100000,11.53,36,A,vehicle,West Bengal,150000
L04291,2024-05-20,500000,11.8,24,A,vehicle,Kerala,35000
L04292,2024-07-08,500000,13.5,36,B,consumer_durable,Andhra Pradesh,25000
L04293,2024-11-03,50000,11.48,36,A,vehicle,Andhra Pradesh,100000
L04294,2024-06-12,150000,16.11,36,C,business,Telangana,150000
L04295,2024-01-15,300000,14.87,48,B,consumer_durable,Andhra Pradesh,150000
L04296,2024-12-05,150000,26.29,12,E,personal,Maharashtra,75000
L04297,2024-01-25,50000,17.85,36,C,consumer_durable,Karnataka,25000
L04298,2024-12-15,300000,16.81,36,C,consumer_durable,Rajasthan,150000
L04299,2024-01-23,300000,10.19,36,A,education,West Bengal,75000
L04300,2024-05-05,750000,13.51,48,B,vehicle,Delhi,50000
L04301,2024-05-19,1000000,20.12,48,D,consumer_durable,Karnataka,25000
L04302,2024-08-25,100000,21.0,12,D,vehicle,Telangana,35000
L04303,2024-11-10,50000,14.39,24,B,personal,Andhra Pradesh,35000
L04304,2024-09-19,750000,11.32,48,A,business,Kerala,150000
L04305,2024-01-09,200000,11.28,24,A,education,Karnataka,75000
L04306,2024-10-06,150000,13.52,36,B,consumer_durable,Maharashtra,50000
L04307,2024-11-07,100000,20.21,12,D,personal,Rajasthan,75000
L04308,2024-04-03,300000,16.49,36,C,business,West Bengal,50000
L04309,2024-06-20,100000,10.33,12,A,consumer_durable,Maharashtra,25000
L04310,2024-08-09,200000,11.81,24,A,vehicle,Gujarat,75000
L04311,2024-12-11,1000000,20.59,24,D,consumer_durable,Tamil Nadu,50000
L04312,2024-02-27,150000,10.41,36,A,business,Karnataka,150000
L04313,2024-01-13,50000,11.28,12,A,consumer_durable,Karnataka,35000
L04314,2024-01-12,200000,16.11,24,C,vehicle,Karnataka,150000
L04315,2024-07-26,150000,14.29,48,B,vehicle,Gujarat,35000
L04316,2024-07-04,150000,13.63,12,B,consumer_durable,Karnataka,150000
L04317,2024-03-14,300000,13.54,12,B,education,Delhi,50000
L04318,2024-06-18,1000000,14.53,24,B,consumer_durable,Rajasthan,35000
L04319,2024-02-09,500000,16.12,36,C,personal,Tamil Nadu,35000
L04320,2024-10-08,500000,11.11,36,A,education,Maharashtra,150000
L04321,2024-03-17,500000,11.75,12,A,business,Maharashtra,75000
L04322,2024-09-03,1000000,14.43,48,B,vehicle,Gujarat,50000
L04323,2024-06-06,300000,17.82,36,C,consumer_durable,Andhra Pradesh,75000
L04324,2024-05-19,300000,14.56,48,B,business,Kerala,35000
L04325,2024-01-02,750000,10.56,48,A,personal,West Bengal,100000
L04326,2024-09-14,150000,13.78,24,B,consumer_durable,Gujarat,50000
L04327,2024-04-26,1000000,20.93,36,D,business,West Bengal,25000
L04328,2024-05-01,150000,16.24,48,C,vehicle,Gujarat,50000
L04329,2024-10-14,500000,21.46,12,D,personal,West Bengal,25000
L04330,2024-11-24,200000,13.28,36,B,consumer_durable,Maharashtra,75000
L04331,2024-06-22,750000,14.9,12,B,consumer_durable,Delhi,35000
L04332,2024-04-05,750000,11.55,36,A,personal,Telangana,150000
L04333,2024-11-20,300000,16.49,36,C,business,Tamil Nadu,75000
L04334,2024-04-14,500000,13.31,12,B,consumer_durable,Kerala,50000
L04335,2024-05-20,300000,13.67,36,B,education,Gujarat,75000
L04336,2024-12-07,100000,16.35,12,C,consumer_durable,Delhi,150000
L04337,2024-02-17,150000,16.88,24,C,vehicle,Tamil Nadu,150000
L04338,2024-10-07,50000,10.32,48,A,vehicle,Andhra Pradesh,75000
L04339,2024-05-23,750000,11.84,12,A,business,Maharashtra,50000
L04340,2024-06-04,750000,16.67,12,C,vehicle,Rajasthan,75000
L04341,2024-01-12,100000,11.91,12,A,vehicle,Tamil Nadu,100000
L04342,2024-11-10,150000,16.08,36,C,education,Gujarat,35000
L04343,2024-07-16,150000,16.88,48,C,business,Tamil Nadu,35000
L04344,2024-04-25,500000,17.4,24,C,consumer_durable,Telangana,150000
L04345,2024-04-20,1000000,17.04,48,C,education,Tamil Nadu,25000
L04346,2024-01-05,500000,20.24,48,D,personal,Andhra Pradesh,75000
L04347,2024-11-21,100000,16.51,36,C,education,West Bengal,100000
L04348,2024-06-07,750000,17.94,48,C,personal,Gujarat,50000
L04349,2024-06-06,100000,14.94,12,B,education,Kerala,100000
L04350,2024-11-26,1000000,10.44,36,A,personal,Andhra Pradesh,100000
L04351,2024-04-04,200000,10.93,24,A,education,Andhra Pradesh,35000
L04352,2024-12-10,300000,21.88,36,D,personal,Tamil Nadu,150000
L04353,2024-12-01,500000,17.21,24,C,consumer_durable,Rajasthan,150000
L04354,2024-03-01,50000,10.94,48,A,personal,Tamil Nadu,25000
L04355,2024-04-20,300000,13.69,36,B,education,West Bengal,25000
L04356,2024-06-26,200000,10.15,48,A,business,Karnataka,75000
L04357,2024-04-01,50000,13.4,12,B,consumer_durable,Maharashtra,100000
L04358,2024-01-06,100000,10.93,36,A,personal,Telangana,25000
L04359,2024-06-17,750000,10.99,48,A,business,Gujarat,150000
L04360,2024-10-25,50000,14.18,12,B,business,Gujarat,25000
L04361,2024-04-13,1000000,10.35,48,A,education,Delhi,150000
L04362,2024-07-11,1000000,13.36,12,B,education,Karnataka,50000
L04363,2024-04-21,150000,16.08,36,C,business,Maharashtra,150000
L04364,2024-03-04,300000,26.81,48,E,consumer_durable,Delhi,150000
L04365,2024-04-28,300000,11.21,36,A,personal,West Bengal,150000
L04366,2024-01-15,750000,16.9,48,C,education,Rajasthan,150000
L04367,2024-08-09,500000,21.07,12,D,personal,Maharashtra,75000
L04368,2024-03-14,750000,16.92,36,C,personal,Rajasthan,75000
L04369,2024-06-07,1000000,17.08,48,C,consumer_durable,Maharashtra,25000
L04370,2024-02-14,300000,26.15,36,E,business,Kerala,100000
L04371,2024-08-18,300000,26.96,12,E,business,Andhra Pradesh,25000
L04372,2024-04-13,1000000,11.26,36,A,personal,Rajasthan,75000
L04373,2024-12-19,150000,14.97,24,B,personal,Telangana,150000
L04374,2024-04-11,150000,25.94,48,E,personal,Tamil Nadu,50000
L04375,2024-02-05,1000000,14.98,24,B,personal,Maharashtra,100000
L04376,2024-10-12,1000000,17.32,12,C,business,Telangana,35000
L04377,2024-07-13,150000,16.68,12,C,personal,Kerala,100000
L04378,2024-06-16,50000,17.75,24,C,consumer_durable,Kerala,25000
L04379,2024-05-03,200000,16.06,24,C,consumer_durable,Gujarat,150000
L04380,2024-09-09,500000,10.87,48,A,consumer_durable,Maharashtra,150000
L04381,2024-01-16,50000,13.85,36,B,consumer_durable,Karnataka,50000
L04382,2024-01-02,200000,17.74,36,C,education,Karnataka,150000
L04383,2024-05-07,1000000,21.98,48,D,education,Andhra Pradesh,25000
L04384,2024-12-15,750000,16.48,48,C,vehicle,Karnataka,50000
L04385,2024-01-24,1000000,21.6,36,D,business,Gujarat,100000
L04386,2024-05-25,100000,14.05,48,B,business,Karnataka,50000
L04387,2024-11-03,500000,11.76,36,A,personal,Kerala,100000
L04388,2024-12-09,150000,13.84,24,B,personal,Tamil Nadu,35000
L04389,2024-10-27,200000,11.15,24,A,personal,Gujarat,100000
L04390,2024-02-07,50000,16.92,24,C,personal,Delhi,150000
L04391,2024-06-14,300000,11.85,48,A,consumer_durable,Karnataka,50000
L04392,2024-08-21,300000,20.22,48,D,consumer_durable,Maharashtra,50000
L04393,2024-02-13,200000,14.15,36,B,business,Andhra Pradesh,150000
L04394,2024-07-12,1000000,14.5,48,B,consumer_durable,West Bengal,75000
L04395,2024-01-18,1000000,21.95,36,D,vehicle,Maharashtra,100000
L04396,2024-03-19,500000,17.7,48,C,business,Gujarat,50000
L04397,2024-01-10,100000,20.98,48,D,education,Tamil Nadu,100000
L04398,2024-08-12,1000000,14.99,36,B,business,Tamil Nadu,35000
L04399,2024-09-12,100000,11.37,12,A,consumer_durable,Kerala,35000
L04400,2024-04-21,1000000,17.57,48,C,business,Maharashtra,25000
L04401,2024-07-28,1000000,13.28,48,B,vehicle,Kerala,25000
L04402,2024-01-07,100000,10.51,12,A,education,Telangana,100000
L04403,2024-01-03,200000,20.48,12,D,personal,Rajasthan,50000
L04404,2024-09-18,750000,16.71,36,C,business,Rajasthan,75000
L04405,2024-06-05,150000,14.39,48,B,personal,Gujarat,25000
L04406,2024-05-12,750000,11.22,48,A,education,Telangana,50000
L04407,2024-09-07,1000000,11.92,48,A,personal,Telangana,50000
L04408,2024-10-14,750000,14.91,24,B,vehicle,Rajasthan,150000
L04409,2024-12-18,500000,21.42,48,D,business,Karnataka,75000
L04410,2024-11-13,150000,16.65,12,C,personal,Kerala,100000
L04411,2024-12-14,100000,17.55,24,C,business,West Bengal,100000
L04412,2024-03-19,1000000,13.84,24,B,consumer_durable,Rajasthan,50000
L04413,2024-08-19,500000,11.67,48,A,vehicle,West Bengal,75000
L04414,2024-01-05,50000,13.18,48,B,personal,Kerala,25000
L04415,2024-12-22,500000,17.71,24,C,personal,Telangana,100000
L04416,2024-03-04,1000000,25.32,36,E,personal,Kerala,25000
L04417,2024-07-06,500000,17.46,36,C,business,West Bengal,150000
L04418,2024-06-14,50000,10.19,48,A,vehicle,Telangana,100000
L04419,2024-03-10,500000,10.07,24,A,vehicle,West Bengal,35000
L04420,2024-01-08,100000,14.91,12,B,consumer_durable,Gujarat,50000
L04421,2024-05-06,300000,25.13,12,E,vehicle,Delhi,100000
L04422,2024-05-12,500000,10.1,12,A,education,Telangana,150000
L04423,2024-10-21,150000,21.03,48,D,personal,Tamil Nadu,50000
L04424,2024-04-03,300000,11.86,12,A,education,Maharashtra,75000
L04425,2024-06-23,150000,13.47,24,B,vehicle,Andhra Pradesh,75000
L04426,2024-06-11,200000,16.98,36,C,consumer_durable,West Bengal,25000
L04427,2024-04-11,1000000,13.71,36,B,business,Rajasthan,25000
L04428,2024-07-14,100000,10.36,48,A,personal,Gujarat,150000
L04429,2024-10-24,200000,11.6,24,A,education,Delhi,35000
L04430,2024-02-12,50000,14.66,12,B,personal,Telangana,50000
L04431,2024-10-02,200000,21.27,48,D,vehicle,Andhra Pradesh,100000
L04432,2024-05-26,500000,21.01,48,D,consumer_durable,Telangana,35000
L04433,2024-10-28,100000,17.66,12,C,vehicle,Andhra Pradesh,25000
L04434,2024-08-12,100000,16.3,24,C,education,Gujarat,50000
L04435,2024-03-03,100000,14.9,12,B,consumer_durable,Tamil Nadu,35000
L04436,2024-12-22,750000,11.71,36,A,education,Karnataka,25000
L04437,2024-04-13,300000,11.67,36,A,vehicle,West Bengal,50000
L04438,2024-12-25,200000,11.65,48,A,education,Karnataka,50000
L04439,2024-08-21,50000,11.26,24,A,vehicle,Andhra Pradesh,75000
L04440,2024-08-17,200000,16.64,12,C,education,Andhra Pradesh,100000
L04441,2024-10-07,1000000,13.21,24,B,education,Gujarat,35000
L04442,2024-01-22,50000,11.18,48,A,vehicle,Tamil Nadu,50000
L04443,2024-08-15,750000,14.29,36,B,business,West Bengal,50000
L04444,2024-09-22,100000,13.96,36,B,consumer_durable,Maharashtra,35000
L04445,2024-04-06,750000,11.28,36,A,consumer_durable,Gujarat,150000
L04446,2024-09-10,750000,17.71,12,C,business,Delhi,150000
L04447,2024-08-11,200000,13.67,48,B,vehicle,Gujarat,25000
L04448,2024-12-27,500000,20.22,48,D,consumer_durable,Kerala,150000
L04449,2024-07-11,500000,14.83,48,B,personal,Maharashtra,150000
L04450,2024-08-24,200000,21.41,36,D,vehicle,Tamil Nadu,100000
L04451,2024-11-05,300000,21.03,12,D,personal,Kerala,35000
L04452,2024-12-09,150000,10.65,36,A,business,Andhra Pradesh,100000
L04453,2024-03-08,200000,16.91,48,C,consumer_durable,West Bengal,25000
L04454,2024-07-10,300000,10.29,24,A,personal,Tamil Nadu,100000
L04455,2024-04-26,50000,21.09,48,D,vehicle,Tamil Nadu,100000
L04456,2024-04-12,100000,13.03,24,B,business,Telangana,100000
L04457,2024-12-22,500000,10.07,36,A,education,West Bengal,35000
L04458,2024-07-22,50000,13.92,36,B,vehicle,Kerala,25000
L04459,2024-04-22,1000000,21.08,36,D,consumer_durable,West Bengal,75000
L04460,2024-08-17,50000,16.1,24,C,business,Delhi,75000
L04461,2024-05-23,750000,13.75,24,B,consumer_durable,Maharashtra,150000
L04462,2024-07-17,300000,25.42,24,E,business,Maharashtra,100000
L04463,2024-11-14,150000,13.67,24,B,education,Andhra Pradesh,35000
L04464,2024-03-11,150000,13.42,48,B,vehicle,Andhra Pradesh,35000
L04465,2024-07-18,300000,17.44,24,C,consumer_durable,Maharashtra,150000
L04466,2024-11-22,1000000,16.35,24,C,business,Delhi,75000
L04467,2024-02-10,100000,13.09,48,B,personal,Rajasthan,25000
L04468,2024-09-13,750000,25.34,48,E,education,Tamil Nadu,50000
L04469,2024-04-22,300000,26.78,36,E,personal,Rajasthan,75000
L04470,2024-02-08,500000,16.83,36,C,business,Maharashtra,100000
L04471,2024-04-28,200000,26.39,12,E,education,Telangana,100000
L04472,2024-04-09,750000,11.16,48,A,consumer_durable,Kerala,25000
L04473,2024-08-20,200000,20.99,24,D,education,Rajasthan,25000
L04474,2024-01-03,150000,10.32,48,A,vehicle,Karnataka,100000
L04475,2024-11-05,150000,16.06,24,C,education,Karnataka,50000
L04476,2024-04-27,100000,11.86,48,A,vehicle,Karnataka,50000
L04477,2024-08-02,150000,16.16,24,C,vehicle,Karnataka,100000
L04478,2024-01-27,750000,16.97,12,C,vehicle,Kerala,50000
L04479,2024-08-16,200000,16.2,36,C,consumer_durable,Kerala,150000
L04480,2024-12-04,50000,17.4,12,C,consumer_durable,West Bengal,50000
L04481,2024-03-10,200000,21.64,36,D,education,Telangana,50000
L04482,2024-02-11,1000000,25.23,36,E,consumer_durable,Delhi,75000
L04483,2024-11-02,100000,16.93,48,C,personal,Tamil Nadu,75000
L04484,2024-05-02,150000,11.81,12,A,education,Telangana,150000
L04485,2024-09-24,50000,26.72,24,E,business,Kerala,150000
L04486,2024-07-22,200000,10.34,12,A,personal,Gujarat,100000
L04487,2024-12-03,200000,20.36,24,D,vehicle,Gujarat,35000
L04488,2024-03-21,750000,16.32,12,C,vehicle,Karnataka,35000
L04489,2024-06-24,750000,10.93,36,A,vehicle,Rajasthan,150000
L04490,2024-01-04,750000,10.99,12,A,consumer_durable,Andhra Pradesh,100000
L04491,2024-08-26,750000,11.97,48,A,vehicle,Kerala,25000
L04492,2024-09-13,100000,10.67,36,A,vehicle,West Bengal,75000
L04493,2024-01-20,50000,10.34,36,A,personal,Andhra Pradesh,150000
L04494,2024-01-10,500000,20.42,12,D,business,Telangana,25000
L04495,2024-01-22,300000,17.56,36,C,personal,Andhra Pradesh,50000
L04496,2024-09-11,50000,17.06,24,C,education,Delhi,75000
L04497,2024-08-17,1000000,20.12,36,D,consumer_durable,Andhra Pradesh,100000
L04498,2024-12-08,50000,14.12,12,B,consumer_durable,West Bengal,50000
L04499,2024-09-08,50000,16.68,36,C,business,Maharashtra,25000
L04500,2024-08-21,150000,13.88,48,B,vehicle,Tamil Nadu,100000
L04501,2024-12-18,50000,10.24,24,A,vehicle,Maharashtra,50000
L04502,2024-04-09,150000,10.13,12,A,consumer_durable,Telangana,75000
L04503,2024-10-02,100000,14.77,36,B,personal,Tamil Nadu,50000
L04504,2024-11-16,500000,10.13,36,A,consumer_durable,Karnataka,150000
L04505,2024-05-18,50000,11.34,36,A,consumer_durable,Kerala,75000
L04506,2024-11-22,750000,21.9,12,D,vehicle,Delhi,25000
L04507,2024-05-18,50000,13.62,12,B,vehicle,Rajasthan,150000
L04508,2024-02-25,50000,14.83,36,B,business,West Bengal,75000
L04509,2024-07-03,750000,16.93,36,C,vehicle,Delhi,100000
L04510,2024-01-19,50000,13.19,24,B,personal,Andhra Pradesh,75000
L04511,2024-08-28,100000,14.86,48,B,personal,Tamil Nadu,35000
L04512,2024-06-08,50000,16.5,36,C,consumer_durable,Rajasthan,35000
L04513,2024-04-24,150000,13.65,24,B,personal,Kerala,50000
L04514,2024-09-19,150000,17.06,48,C,vehicle,Gujarat,150000
L04515,2024-03-20,150000,14.96,24,B,vehicle,Gujarat,150000
L04516,2024-05-01,50000,13.33,24,B,education,Rajasthan,75000
L04517,2024-09-10,200000,17.43,48,C,business,Rajasthan,50000
L04518,2024-09-08,1000000,10.5,36,A,consumer_durable,Gujarat,35000
L04519,2024-09-14,100000,17.11,48,C,consumer_durable,Tamil Nadu,35000
L04520,2024-04-27,500000,14.95,24,B,business,Maharashtra,75000
L04521,2024-07-14,50000,17.7,24,C,vehicle,Delhi,25000
L04522,2024-07-23,150000,10.18,24,A,business,Gujarat,35000
L04523,2024-03-26,750000,25.42,48,E,vehicle,Telangana,35000
L04524,2024-05-12,50000,13.57,36,B,personal,Delhi,35000
L04525,2024-02-03,300000,11.87,12,A,consumer_durable,Gujarat,50000
L04526,2024-10-11,300000,20.59,48,D,business,Tamil Nadu,25000
L04527,2024-11-25,300000,16.36,36,C,consumer_durable,Telangana,100000
L04528,2024-10-04,500000,10.15,12,A,consumer_durable,Delhi,75000
L04529,2024-11-13,150000,17.8,36,C,vehicle,Kerala,100000
L04530,2024-08-24,1000000,20.35,24,D,business,Telangana,150000
L04531,2024-11-19,1000000,20.75,12,D,business,Telangana,25000
L04532,2024-05-12,500000,11.62,12,A,education,Telangana,50000
L04533,2024-04-02,150000,14.83,36,B,consumer_durable,Rajasthan,35000
L04534,2024-01-24,200000,12.0,12,A,vehicle,Delhi,75000
L04535,2024-09-21,200000,26.49,48,E,vehicle,Delhi,35000
L04536,2024-11-14,100000,17.84,12,C,consumer_durable,West Bengal,150000
L04537,2024-01-13,750000,16.23,48,C,vehicle,Andhra Pradesh,50000
L04538,2024-02-17,150000,17.6,48,C,education,Maharashtra,75000
L04539,2024-05-15,750000,13.16,12,B,business,Kerala,25000
L04540,2024-03-24,150000,10.64,24,A,personal,West Bengal,25000
L04541,2024-03-16,300000,11.52,24,A,education,Kerala,100000
L04542,2024-02-06,200000,14.28,12,B,education,West Bengal,25000
L04543,2024-01-28,300000,10.28,48,A,education,West Bengal,75000
L04544,2024-05-06,1000000,17.01,12,C,personal,Karnataka,50000
L04545,2024-07-01,300000,10.27,48,A,vehicle,Andhra Pradesh,35000
L04546,2024-06-19,750000,10.14,36,A,vehicle,Rajasthan,150000
L04547,2024-12-28,500000,21.48,36,D,consumer_durable,Gujarat,150000
L04548,2024-08-23,750000,13.43,24,B,education,Telangana,25000
L04549,2024-08-22,1000000,13.96,24,B,consumer_durable,Andhra Pradesh,75000
L04550,2024-02-02,300000,11.44,36,A,education,Telangana,100000
L04551,2024-05-27,100000,10.63,24,A,education,Maharashtra,35000
L04552,2024-03-17,750000,14.48,36,B,education,West Bengal,100000
L04553,2024-01-28,750000,16.85,48,C,vehicle,Gujarat,50000
L04554,2024-08-11,750000,16.03,12,C,vehicle,Karnataka,25000
L04555,2024-03-22,300000,10.26,24,A,consumer_durable,Delhi,150000
L04556,2024-03-28,100000,11.05,36,A,business,Kerala,50000
L04557,2024-10-21,500000,11.97,24,A,business,West Bengal,50000
L04558,2024-11-08,150000,11.6,48,A,consumer_durable,Kerala,50000
L04559,2024-07-22,1000000,11.45,36,A,business,Andhra Pradesh,35000
L04560,2024-12-26,300000,14.12,36,B,vehicle,Gujarat,25000
L04561,2024-12-18,500000,11.88,36,A,consumer_durable,Andhra Pradesh,100000
L04562,2024-08-26,50000,20.16,36,D,vehicle,Tamil Nadu,75000
L04563,2024-10-22,150000,17.24,48,C,business,Tamil Nadu,35000
L04564,2024-11-28,750000,16.99,12,C,vehicle,Maharashtra,35000
L04565,2024-08-01,500000,16.54,12,C,education,Delhi,25000
L04566,2024-05-05,100000,14.88,48,B,education,Gujarat,75000
L04567,2024-09-11,200000,21.67,12,D,vehicle,Kerala,75000
L04568,2024-10-10,200000,13.67,48,B,personal,Delhi,35000
L04569,2024-01-17,150000,16.04,36,C,vehicle,Maharashtra,75000
L04570,2024-07-03,200000,16.53,12,C,education,Kerala,75000
L04571,2024-09-06,200000,13.9,48,B,business,Kerala,35000
L04572,2024-12-20,50000,16.57,12,C,consumer_durable,Karnataka,75000
L04573,2024-12-26,200000,10.4,24,A,personal,Rajasthan,50000
L04574,2024-05-08,100000,11.06,48,A,consumer_durable,Maharashtra,150000
L04575,2024-04-03,50000,11.26,24,A,consumer_durable,Rajasthan,100000
L04576,2024-02-02,150000,11.37,24,A,consumer_durable,Andhra Pradesh,150000
L04577,2024-08-26,750000,26.0,48,E,consumer_durable,Telangana,75000
L04578,2024-06-12,1000000,13.75,36,B,business,Kerala,25000
L04579,2024-12-09,100000,11.23,24,A,business,Karnataka,25000
L04580,2024-04-19,150000,20.76,36,D,business,Telangana,35000
L04581,2024-04-07,150000,20.38,12,D,vehicle,Gujarat,150000
L04582,2024-11-17,100000,16.62,36,C,business,Maharashtra,75000
L04583,2024-07-05,750000,10.5,48,A,personal,West Bengal,75000
L04584,2024-02-24,100000,10.64,36,A,business,Rajasthan,75000
L04585,2024-07-10,100000,14.87,24,B,business,Tamil Nadu,75000
L04586,2024-03-19,1000000,16.5,36,C,personal,West Bengal,100000
L04587,2024-06-06,1000000,14.84,12,B,vehicle,Telangana,150000
L04588,2024-04-15,500000,17.01,48,C,personal,Tamil Nadu,50000
L04589,2024-09-20,300000,14.06,12,B,education,Kerala,50000
L04590,2024-07-22,500000,21.9,36,D,education,Kerala,25000
L04591,2024-07-22,300000,16.63,36,C,business,West Bengal,50000
L04592,2024-10-01,150000,16.48,12,C,business,Karnataka,50000
L04593,2024-12-17,150000,11.96,48,A,consumer_durable,Rajasthan,50000
L04594,2024-02-17,1000000,14.78,48,B,consumer_durable,Kerala,150000
L04595,2024-11-10,50000,13.25,48,B,consumer_durable,Maharashtra,150000
L04596,2024-03-25,200000,25.85,36,E,personal,Tamil Nadu,100000
L04597,2024-05-22,50000,17.59,12,C,consumer_durable,Andhra Pradesh,150000
L04598,2024-12-28,1000000,10.48,48,A,personal,Telangana,25000
L04599,2024-01-24,200000,14.33,48,B,education,Kerala,35000
L04600,2024-05-12,100000,20.77,48,D,business,Tamil Nadu,75000
L04601,2024-12-22,150000,14.44,24,B,vehicle,Rajasthan,75000
L04602,2024-06-22,500000,14.84,12,B,consumer_durable,West Bengal,100000
L04603,2024-12-15,100000,25.7,12,E,business,Gujarat,75000
L04604,2024-07-18,100000,17.72,36,C,personal,Kerala,35000
L04605,2024-07-21,200000,13.78,12,B,business,Kerala,50000
L04606,2024-02-08,750000,13.23,24,B,education,Gujarat,75000
L04607,2024-06-03,150000,25.26,24,E,business,West Bengal,100000
L04608,2024-03-21,150000,13.16,48,B,education,Andhra Pradesh,150000
L04609,2024-09-10,750000,21.16,48,D,education,Rajasthan,150000
L04610,2024-02-19,750000,17.48,48,C,vehicle,Maharashtra,50000
L04611,2024-04-13,50000,10.52,24,A,vehicle,Gujarat,100000
L04612,2024-04-01,750000,16.5,12,C,vehicle,Andhra Pradesh,50000
L04613,2024-07-07,50000,13.22,12,B,education,Karnataka,100000
L04614,2024-11-21,750000,20.49,12,D,education,Gujarat,150000
L04615,2024-03-06,750000,13.01,24,B,personal,West Bengal,35000
L04616,2024-12-12,1000000,13.41,48,B,consumer_durable,Gujarat,75000
L04617,2024-10-17,300000,16.33,36,C,personal,Maharashtra,50000
L04618,2024-12-06,50000,20.43,48,D,vehicle,Maharashtra,35000
L04619,2024-03-23,300000,17.53,48,C,business,West Bengal,35000
L04620,2024-12-08,500000,16.25,36,C,consumer_durable,Karnataka,25000
L04621,2024-04-27,150000,13.03,12,B,consumer_durable,Kerala,50000
L04622,2024-11-03,750000,14.93,36,B,vehicle,Karnataka,150000
L04623,2024-02-15,150000,11.01,48,A,education,Maharashtra,35000
L04624,2024-04-13,750000,16.77,36,C,consumer_durable,Tamil Nadu,100000
L04625,2024-06-19,200000,10.32,36,A,business,Maharashtra,35000
L04626,2024-12-06,1000000,11.22,36,A,personal,Telangana,75000
L04627,2024-04-22,500000,14.27,12,B,vehicle,Tamil Nadu,150000
L04628,2024-12-15,500000,10.25,36,A,consumer_durable,Andhra Pradesh,25000
L04629,2024-12-08,500000,16.09,12,C,business,West Bengal,100000
L04630,2024-02-05,50000,13.91,48,B,business,Tamil Nadu,50000
L04631,2024-10-03,300000,21.59,36,D,vehicle,Kerala,100000
L04632,2024-12-03,150000,11.82,36,A,personal,Delhi,100000
L04633,2024-10-03,1000000,13.83,24,B,consumer_durable,Karnataka,75000
L04634,2024-06-05,1000000,20.83,24,D,vehicle,West Bengal,25000
L04635,2024-12-19,500000,21.31,12,D,vehicle,Kerala,50000
L04636,2024-05-07,300000,14.16,36,B,business,Andhra Pradesh,75000
L04637,2024-02-24,750000,21.73,24,D,education,Rajasthan,75000
L04638,2024-12-02,500000,13.03,12,B,business,Kerala,50000
L04639,2024-03-07,1000000,17.03,36,C,education,Telangana,75000
L04640,2024-05-03,100000,21.16,24,D,consumer_durable,Maharashtra,75000
L04641,2024-07-02,500000,14.34,48,B,education,Maharashtra,75000
L04642,2024-04-21,150000,10.06,24,A,education,Rajasthan,25000
L04643,2024-10-20,150000,25.02,48,E,consumer_durable,Andhra Pradesh,75000
L04644,2024-01-07,1000000,25.33,48,E,vehicle,Delhi,50000
L04645,2024-08-01,750000,13.72,48,B,personal,Kerala,150000
L04646,2024-06-16,500000,16.81,36,C,vehicle,Kerala,75000
L04647,2024-07-27,50000,13.64,48,B,vehicle,Kerala,35000
L04648,2024-01-19,300000,11.45,36,A,business,West Bengal,100000
L04649,2024-04-23,1000000,17.49,12,C,business,Rajasthan,100000
L04650,2024-03-11,100000,13.12,24,B,personal,Tamil Nadu,100000
L04651,2024-07-05,750000,21.68,36,D,business,Andhra Pradesh,100000
L04652,2024-09-02,50000,21.13,36,D,personal,Karnataka,50000
L04653,2024-08-25,500000,14.22,12,B,personal,Maharashtra,25000
L04654,2024-01-15,50000,21.93,24,D,education,Rajasthan,50000
L04655,2024-12-08,1000000,11.84,36,A,consumer_durable,Delhi,35000
L04656,2024-11-02,200000,21.64,36,D,personal,Telangana,25000
L04657,2024-07-16,500000,14.89,12,B,education,Telangana,35000
L04658,2024-03-22,50000,10.7,36,A,vehicle,Gujarat,150000
L04659,2024-10-21,100000,11.93,12,A,vehicle,Gujarat,100000
L04660,2024-03-22,50000,14.16,36,B,personal,Tamil Nadu,50000
L04661,2024-04-25,50000,14.46,24,B,vehicle,Rajasthan,100000
L04662,2024-07-28,750000,17.97,48,C,personal,West Bengal,35000
L04663,2024-02-07,500000,21.79,36,D,personal,Telangana,100000
L04664,2024-09-15,1000000,17.1,36,C,business,Telangana,25000
L04665,2024-03-23,200000,13.81,24,B,education,Andhra Pradesh,150000
L04666,2024-04-17,750000,11.5,24,A,personal,Andhra Pradesh,25000
L04667,2024-09-11,300000,14.12,12,B,vehicle,Telangana,25000
L04668,2024-01-11,1000000,11.02,48,A,consumer_durable,West Bengal,75000
L04669,2024-11-18,150000,14.98,24,B,personal,Telangana,25000
L04670,2024-08-09,1000000,20.64,12,D,business,Rajasthan,100000
L04671,2024-01-07,150000,16.48,48,C,personal,West Bengal,75000
L04672,2024-11-06,1000000,13.22,36,B,education,Andhra Pradesh,150000
L04673,2024-08-03,750000,20.65,24,D,consumer_durable,Delhi,100000
L04674,2024-12-12,1000000,21.9,12,D,business,Gujarat,35000
L04675,2024-12-10,150000,13.71,36,B,education,Rajasthan,35000
L04676,2024-07-21,500000,25.28,12,E,personal,Rajasthan,50000
L04677,2024-06-24,100000,26.64,48,E,consumer_durable,Telangana,35000
L04678,2024-08-14,500000,13.15,36,B,consumer_durable,Andhra Pradesh,25000
L04679,2024-09-01,50000,17.32,24,C,education,Telangana,25000
L04680,2024-06-23,200000,20.52,12,D,vehicle,Andhra Pradesh,50000
L04681,2024-11-10,750000,13.1,36,B,consumer_durable,Telangana,150000
L04682,2024-10-05,200000,11.55,24,A,business,Kerala,50000
L04683,2024-06-03,500000,10.9,36,A,business,Andhra Pradesh,100000
L04684,2024-09-18,150000,25.8,12,E,vehicle,Tamil Nadu,50000
L04685,2024-07-04,150000,25.93,48,E,vehicle,Rajasthan,150000
L04686,2024-05-16,1000000,14.92,48,B,vehicle,Telangana,150000
L04687,2024-06-21,200000,14.37,36,B,consumer_durable,Rajasthan,75000
L04688,2024-02-19,150000,16.83,24,C,personal,Kerala,35000
L04689,2024-12-06,300000,10.18,24,A,vehicle,Rajasthan,150000
L04690,2024-04-22,750000,10.37,36,A,personal,Rajasthan,50000
L04691,2024-09-20,500000,10.56,24,A,business,Rajasthan,100000
L04692,2024-01-02,200000,20.17,24,D,business,West Bengal,35000
L04693,2024-07-16,150000,11.01,24,A,business,Delhi,100000
L04694,2024-09-13,1000000,11.16,36,A,consumer_durable,Karnataka,75000
L04695,2024-02-07,750000,21.31,24,D,business,Maharashtra,100000
L04696,2024-06-13,750000,14.81,36,B,vehicle,Delhi,75000
L04697,2024-10-06,150000,13.42,36,B,education,Andhra Pradesh,35000
L04698,2024-11-07,300000,13.79,48,B,vehicle,Karnataka,75000
L04699,2024-05-13,50000,11.7,12,A,personal,Andhra Pradesh,35000
L04700,2024-01-08,150000,17.03,24,C,consumer_durable,Delhi,100000
L04701,2024-11-16,300000,11.57,36,A,education,Karnataka,150000
L04702,2024-11-23,200000,10.51,24,A,personal,Telangana,25000
L04703,2024-04-25,100000,10.78,48,A,consumer_durable,Tamil Nadu,35000
L04704,2024-05-03,500000,14.67,36,B,personal,Rajasthan,150000
L04705,2024-10-12,750000,13.3,12,B,personal,Maharashtra,100000
L04706,2024-07-24,750000,13.16,48,B,personal,Maharashtra,35000
L04707,2024-10-01,50000,20.59,12,D,consumer_durable,Delhi,100000
L04708,2024-11-20,200000,17.02,12,C,consumer_durable,Tamil Nadu,50000
L04709,2024-11-16,50000,10.83,36,A,business,Andhra Pradesh,35000
L04710,2024-07-12,150000,21.82,12,D,vehicle,Delhi,35000
L04711,2024-12-09,200000,20.69,12,D,consumer_durable,Karnataka,25000
L04712,2024-03-20,50000,17.37,36,C,personal,Tamil Nadu,35000
L04713,2024-11-24,50000,17.98,12,C,consumer_durable,West Bengal,75000
L04714,2024-04-22,500000,10.47,24,A,personal,Andhra Pradesh,25000
L04715,2024-12-26,500000,10.71,12,A,vehicle,Kerala,100000
L04716,2024-10-06,300000,17.51,24,C,personal,Tamil Nadu,100000
L04717,2024-11-06,100000,25.71,12,E,education,Kerala,150000
L04718,2024-07-18,100000,14.69,12,B,personal,Tamil Nadu,75000
L04719,2024-01-28,150000,16.67,36,C,personal,Andhra Pradesh,150000
L04720,2024-10-03,150000,10.56,24,A,education,Delhi,35000
L04721,2024-12-25,150000,10.73,24,A,consumer_durable,Delhi,100000
L04722,2024-04-18,150000,14.58,24,B,education,Delhi,50000
L04723,2024-07-12,200000,10.96,36,A,vehicle,Kerala,100000
L04724,2024-09-25,150000,17.69,36,C,education,Maharashtra,35000
L04725,2024-11-09,50000,11.05,12,A,business,Rajasthan,75000
L04726,2024-01-17,150000,17.18,36,C,personal,Gujarat,25000
L04727,2024-09-28,300000,17.87,48,C,personal,Gujarat,100000
L04728,2024-03-07,500000,10.24,48,A,consumer_durable,Tamil Nadu,25000
L04729,2024-05-09,50000,10.97,48,A,education,Telangana,100000
L04730,2024-08-09,100000,10.94,12,A,personal,Telangana,150000
L04731,2024-09-23,750000,11.06,36,A,education,West Bengal,50000
L04732,2024-08-10,1000000,17.51,36,C,education,West Bengal,75000
L04733,2024-04-13,50000,13.88,48,B,personal,Delhi,75000
L04734,2024-02-18,150000,10.01,12,A,vehicle,West Bengal,100000
L04735,2024-03-26,150000,16.71,36,C,personal,Delhi,35000
L04736,2024-01-05,500000,16.23,48,C,education,Gujarat,75000
L04737,2024-07-14,500000,25.26,36,E,education,Maharashtra,35000
L04738,2024-07-16,100000,16.85,12,C,consumer_durable,Gujarat,35000
L04739,2024-04-16,100000,10.5,48,A,business,Tamil Nadu,100000
L04740,2024-04-01,200000,21.51,24,D,education,Gujarat,35000
L04741,2024-07-02,150000,17.48,36,C,vehicle,Tamil Nadu,100000
L04742,2024-05-23,1000000,21.76,12,D,personal,Karnataka,50000
L04743,2024-05-15,1000000,17.67,36,C,business,Andhra Pradesh,35000
L04744,2024-01-09,1000000,17.71,12,C,education,West Bengal,75000
L04745,2024-07-28,300000,13.73,36,B,education,Andhra Pradesh,75000
L04746,2024-01-22,750000,10.19,24,A,business,Maharashtra,50000
L04747,2024-12-19,750000,14.08,12,B,personal,Rajasthan,150000
L04748,2024-08-11,100000,11.41,48,A,education,Delhi,35000
L04749,2024-11-17,150000,11.61,48,A,consumer_durable,Karnataka,150000
L04750,2024-09-15,100000,16.77,24,C,vehicle,West Bengal,35000
L04751,2024-05-18,100000,13.24,36,B,consumer_durable,Rajasthan,150000
L04752,2024-07-11,100000,14.88,48,B,vehicle,Rajasthan,25000
L04753,2024-10-27,150000,14.68,12,B,vehicle,Andhra Pradesh,100000
L04754,2024-03-09,500000,17.82,12,C,education,West Bengal,25000
L04755,2024-12-12,300000,16.2,36,C,business,Telangana,75000
L04756,2024-05-07,50000,17.41,48,C,consumer_durable,Telangana,25000
L04757,2024-08-01,500000,14.13,48,B,personal,West Bengal,100000
L04758,2024-02-09,300000,21.09,36,D,personal,Maharashtra,25000
L04759,2024-08-12,300000,16.07,48,C,personal,Tamil Nadu,35000
L04760,2024-07-10,100000,16.1,12,C,consumer_durable,Kerala,75000
L04761,2024-03-06,750000,11.05,36,A,business,Tamil Nadu,75000
L04762,2024-10-23,300000,20.52,48,D,education,Kerala,35000
L04763,2024-11-20,500000,20.23,48,D,vehicle,West Bengal,75000
L04764,2024-08-24,500000,17.98,36,C,education,Andhra Pradesh,100000
L04765,2024-08-03,200000,17.91,12,C,business,Telangana,100000
L04766,2024-12-19,150000,16.71,12,C,consumer_durable,Andhra Pradesh,75000
L04767,2024-07-01,500000,10.39,12,A,consumer_durable,Delhi,35000
L04768,2024-03-12,300000,16.12,48,C,personal,Maharashtra,50000
L04769,2024-07-28,100000,10.82,48,A,consumer_durable,Gujarat,35000
L04770,2024-03-15,50000,13.88,48,B,personal,Andhra Pradesh,75000
L04771,2024-05-06,500000,10.02,48,A,vehicle,Kerala,150000
L04772,2024-04-17,50000,17.38,12,C,consumer_durable,West Bengal,75000
L04773,2024-08-02,150000,14.7,24,B,business,Delhi,35000
L04774,2024-04-19,750000,26.28,12,E,business,Rajasthan,50000
L04775,2024-03-11,300000,26.77,48,E,personal,Delhi,75000
L04776,2024-01-22,150000,21.96,24,D,consumer_durable,Kerala,25000
L04777,2024-12-12,100000,13.64,12,B,vehicle,West Bengal,25000
L04778,2024-08-08,50000,11.4,12,A,vehicle,Tamil Nadu,150000
L04779,2024-07-13,750000,10.77,36,A,business,Maharashtra,50000
L04780,2024-11-21,150000,10.56,12,A,consumer_durable,Kerala,50000
L04781,2024-09-24,200000,11.4,48,A,personal,Andhra Pradesh,100000
L04782,2024-02-08,500000,17.11,12,C,business,Andhra Pradesh,35000
L04783,2024-08-28,200000,10.76,48,A,business,Gujarat,50000
L04784,2024-06-04,150000,20.82,12,D,consumer_durable,Maharashtra,150000
L04785,2024-01-12,500000,14.96,24,B,education,Gujarat,25000
L04786,2024-05-10,1000000,14.78,12,B,vehicle,Telangana,50000
L04787,2024-06-18,750000,21.31,48,D,education,Tamil Nadu,75000
L04788,2024-07-21,750000,10.05,24,A,business,Gujarat,25000
L04789,2024-10-28,1000000,14.6,48,B,business,Karnataka,100000
L04790,2024-04-03,300000,11.18,24,A,consumer_durable,Telangana,50000
L04791,2024-06-17,300000,17.61,12,C,personal,Kerala,75000
L04792,2024-05-14,150000,13.22,12,B,consumer_durable,Delhi,150000
L04793,2024-12-26,500000,13.3,48,B,business,Telangana,35000
L04794,2024-05-25,150000,21.69,48,D,personal,Rajasthan,25000
L04795,2024-09-23,50000,25.21,12,E,vehicle,Kerala,150000
L04796,2024-09-20,300000,13.09,36,B,vehicle,Andhra Pradesh,50000
L04797,2024-07-17,100000,14.62,12,B,consumer_durable,Kerala,35000
L04798,2024-01-11,50000,11.04,12,A,business,Rajasthan,25000
L04799,2024-04-10,300000,13.03,12,B,business,Maharashtra,100000
L04800,2024-01-11,100000,21.39,48,D,vehicle,Gujarat,150000
L04801,2024-10-19,750000,14.62,12,B,vehicle,Karnataka,35000
L04802,2024-07-19,100000,25.82,36,E,consumer_durable,Maharashtra,35000
L04803,2024-05-14,100000,25.32,48,E,consumer_durable,Delhi,35000
L04804,2024-12-24,150000,14.41,36,B,education,Rajasthan,35000
L04805,2024-05-20,150000,13.1,36,B,education,Gujarat,100000
L04806,2024-10-05,150000,10.78,12,A,vehicle,Telangana,25000
L04807,2024-06-14,300000,17.49,36,C,consumer_durable,Karnataka,75000
L04808,2024-09-21,1000000,14.7,12,B,vehicle,Maharashtra,50000
L04809,2024-05-08,500000,26.7,48,E,business,Karnataka,75000
L04810,2024-03-24,50000,11.06,36,A,vehicle,Tamil Nadu,35000
L04811,2024-03-09,50000,20.94,48,D,consumer_durable,Delhi,25000
L04812,2024-04-22,750000,20.2,36,D,business,Andhra Pradesh,50000
L04813,2024-12-01,750000,13.24,36,B,education,Telangana,100000
L04814,2024-06-09,50000,11.04,36,A,vehicle,Andhra Pradesh,100000
L04815,2024-01-14,100000,14.18,48,B,business,West Bengal,100000
L04816,2024-10-14,500000,11.33,24,A,consumer_durable,West Bengal,150000
L04817,2024-04-03,200000,10.83,24,A,consumer_durable,Gujarat,35000
L04818,2024-10-24,100000,21.06,36,D,business,Andhra Pradesh,100000
L04819,2024-03-17,50000,20.32,12,D,personal,Andhra Pradesh,75000
L04820,2024-10-10,50000,10.84,36,A,personal,Tamil Nadu,150000
L04821,2024-04-25,300000,13.53,36,B,vehicle,Delhi,25000
L04822,2024-10-03,300000,26.39,12,E,vehicle,Tamil Nadu,35000
L04823,2024-07-27,100000,17.65,48,C,consumer_durable,Kerala,150000
L04824,2024-08-24,750000,10.84,36,A,consumer_durable,Andhra Pradesh,150000
L04825,2024-02-03,50000,17.42,12,C,business,Maharashtra,100000
L04826,2024-08-28,300000,10.49,24,A,consumer_durable,Maharashtra,25000
L04827,2024-08-26,1000000,16.94,36,C,vehicle,Telangana,150000
L04828,2024-04-19,150000,25.27,24,E,education,Tamil Nadu,35000
L04829,2024-08-16,500000,11.77,48,A,vehicle,Andhra Pradesh,75000
L04830,2024-01-06,1000000,11.35,12,A,education,Rajasthan,50000
L04831,2024-05-17,100000,11.87,36,A,consumer_durable,Maharashtra,35000
L04832,2024-10-27,200000,17.06,48,C,education,Andhra Pradesh,100000
L04833,2024-01-25,300000,20.35,36,D,consumer_durable,Gujarat,150000
L04834,2024-09-26,200000,16.74,36,C,consumer_durable,Andhra Pradesh,25000
L04835,2024-03-17,200000,21.36,36,D,vehicle,Tamil Nadu,150000
L04836,2024-06-10,150000,17.98,48,C,personal,West Bengal,150000
L04837,2024-05-14,1000000,17.18,48,C,consumer_durable,Rajasthan,150000
L04838,2024-07-24,750000,16.43,12,C,vehicle,Kerala,50000
L04839,2024-06-26,300000,17.56,24,C,personal,Karnataka,150000
L04840,2024-11-11,1000000,13.35,12,B,personal,Kerala,50000
L04841,2024-07-05,1000000,13.97,48,B,vehicle,Rajasthan,100000
L04842,2024-10-20,500000,13.58,48,B,consumer_durable,Kerala,25000
L04843,2024-03-01,150000,17.62,12,C,education,Karnataka,25000
L04844,2024-03-17,100000,17.48,48,C,consumer_durable,Kerala,25000
L04845,2024-08-11,500000,13.17,36,B,personal,Delhi,100000
L04846,2024-07-15,50000,17.13,12,C,personal,Rajasthan,25000
L04847,2024-06-17,300000,11.26,48,A,vehicle,Delhi,35000
L04848,2024-11-10,1000000,17.72,48,C,consumer_durable,Gujarat,150000
L04849,2024-04-28,300000,17.63,12,C,business,Karnataka,75000
L04850,2024-06-03,1000000,10.31,24,A,vehicle,Delhi,35000
L04851,2024-07-15,200000,16.66,36,C,consumer_durable,Andhra Pradesh,75000
L04852,2024-03-13,300000,14.81,36,B,education,Andhra Pradesh,50000
L04853,2024-12-21,100000,10.02,48,A,education,Karnataka,50000
L04854,2024-11-21,1000000,10.15,24,A,education,Maharashtra,75000
L04855,2024-05-13,50000,10.96,48,A,consumer_durable,Kerala,75000
L04856,2024-12-03,300000,20.95,48,D,personal,Tamil Nadu,50000
L04857,2024-09-22,500000,16.78,24,C,personal,Telangana,35000
L04858,2024-10-12,200000,13.77,24,B,business,Gujarat,100000
L04859,2024-06-24,750000,13.98,12,B,consumer_durable,Rajasthan,25000
L04860,2024-12-08,1000000,16.35,36,C,consumer_durable,West Bengal,50000
L04861,2024-02-06,750000,26.5,48,E,personal,Delhi,100000
L04862,2024-11-08,200000,17.31,12,C,education,West Bengal,35000
L04863,2024-12-10,1000000,20.67,36,D,vehicle,Kerala,25000
L04864,2024-06-13,100000,17.26,48,C,vehicle,Maharashtra,25000
L04865,2024-12-04,200000,16.78,12,C,business,Karnataka,75000
L04866,2024-12-26,1000000,11.02,12,A,business,Rajasthan,25000
L04867,2024-04-28,500000,11.53,48,A,vehicle,Kerala,75000
L04868,2024-11-06,150000,13.97,36,B,education,Rajasthan,75000
L04869,2024-06-12,1000000,14.39,36,B,education,Kerala,100000
L04870,2024-03-23,50000,16.95,48,C,education,Kerala,25000
L04871,2024-08-01,150000,14.95,12,B,vehicle,Kerala,35000
L04872,2024-03-13,100000,10.42,24,A,consumer_durable,Delhi,75000
L04873,2024-09-28,100000,10.5,36,A,personal,Gujarat,75000
L04874,2024-02-17,150000,14.48,36,B,vehicle,Gujarat,25000
L04875,2024-02-16,500000,17.59,48,C,business,Gujarat,100000
L04876,2024-06-12,150000,16.44,24,C,education,Gujarat,100000
L04877,2024-07-07,50000,14.74,12,B,vehicle,Tamil Nadu,100000
L04878,2024-04-26,150000,17.22,24,C,business,Tamil Nadu,100000
L04879,2024-12-07,1000000,20.21,36,D,education,West Bengal,50000
L04880,2024-11-10,150000,13.82,48,B,business,West Bengal,50000
L04881,2024-11-05,500000,16.07,24,C,personal,Maharashtra,25000
L04882,2024-01-17,500000,26.45,12,E,education,Andhra Pradesh,50000
L04883,2024-06-25,300000,14.64,12,B,business,Rajasthan,25000
L04884,2024-02-01,500000,17.06,48,C,consumer_durable,Kerala,75000
L04885,2024-07-03,300000,20.51,24,D,consumer_durable,Rajasthan,150000
L04886,2024-07-26,750000,13.75,36,B,consumer_durable,Gujarat,35000
L04887,2024-08-15,200000,25.6,36,E,education,West Bengal,35000
L04888,2024-03-05,1000000,11.15,48,A,vehicle,Rajasthan,25000
L04889,2024-03-07,100000,16.69,48,C,business,Telangana,100000
L04890,2024-06-02,1000000,20.49,36,D,vehicle,Karnataka,100000
L04891,2024-01-09,500000,11.82,48,A,vehicle,West Bengal,25000
L04892,2024-02-09,750000,16.33,36,C,education,Andhra Pradesh,75000
L04893,2024-10-18,750000,10.76,36,A,education,Karnataka,100000
L04894,2024-08-24,1000000,14.5,24,B,consumer_durable,West Bengal,50000
L04895,2024-09-12,1000000,11.29,48,A,business,Rajasthan,150000
L04896,2024-06-15,500000,17.81,12,C,vehicle,Karnataka,150000
L04897,2024-05-26,300000,17.92,48,C,personal,West Bengal,35000
L04898,2024-08-09,500000,20.36,48,D,consumer_durable,Andhra Pradesh,50000
L04899,2024-04-17,150000,10.16,36,A,education,Andhra Pradesh,75000
L04900,2024-10-03,100000,14.57,48,B,business,Gujarat,75000
L04901,2024-03-27,200000,16.25,12,C,personal,Maharashtra,50000
L04902,2024-12-04,500000,16.57,48,C,vehicle,West Bengal,50000
L04903,2024-12-19,300000,13.06,12,B,education,Telangana,50000
L04904,2024-03-28,150000,13.58,48,B,personal,Tamil Nadu,35000
L04905,2024-01-25,200000,17.88,48,C,business,Telangana,35000
L04906,2024-06-20,200000,14.75,48,B,business,Kerala,150000
L04907,2024-03-17,750000,15.0,24,B,personal,Kerala,75000
L04908,2024-11-11,1000000,21.12,48,D,education,Rajasthan,35000
L04909,2024-08-28,1000000,17.97,48,C,vehicle,Maharashtra,100000
L04910,2024-11-27,1000000,25.44,24,E,consumer_durable,West Bengal,75000
L04911,2024-08-17,1000000,11.31,36,A,business,Maharashtra,25000
L04912,2024-06-22,300000,16.55,12,C,consumer_durable,Tamil Nadu,100000
L04913,2024-01-15,50000,14.37,24,B,vehicle,Tamil Nadu,75000
L04914,2024-06-10,1000000,14.03,48,B,vehicle,Maharashtra,50000
L04915,2024-07-16,100000,17.48,12,C,personal,Andhra Pradesh,75000
L04916,2024-11-11,1000000,13.33,12,B,education,Rajasthan,75000
L04917,2024-06-23,300000,16.01,36,C,vehicle,Rajasthan,25000
L04918,2024-11-16,750000,13.68,24,B,consumer_durable,Rajasthan,35000
L04919,2024-08-24,500000,20.07,12,D,business,Karnataka,35000
L04920,2024-08-06,750000,21.21,12,D,vehicle,Rajasthan,25000
L04921,2024-01-27,200000,14.11,24,B,consumer_durable,Rajasthan,50000
L04922,2024-12-19,150000,10.22,24,A,business,Karnataka,35000
L04923,2024-07-23,1000000,13.48,24,B,education,Maharashtra,100000
L04924,2024-09-09,200000,13.07,24,B,consumer_durable,Rajasthan,25000
L04925,2024-07-14,150000,13.4,36,B,consumer_durable,Maharashtra,75000
L04926,2024-06-19,500000,14.99,36,B,consumer_durable,Telangana,150000
L04927,2024-01-11,500000,20.58,48,D,consumer_durable,Tamil Nadu,50000
L04928,2024-06-23,300000,25.08,12,E,personal,Rajasthan,50000
L04929,2024-06-16,1000000,20.3,36,D,business,Andhra Pradesh,150000
L04930,2024-02-01,50000,10.31,36,A,personal,Gujarat,25000
L04931,2024-02-13,300000,17.16,48,C,personal,Rajasthan,150000
L04932,2024-11-12,100000,10.17,48,A,consumer_durable,Karnataka,35000
L04933,2024-08-22,50000,17.41,36,C,personal,Maharashtra,25000
L04934,2024-05-02,300000,20.67,24,D,vehicle,Andhra Pradesh,25000
L04935,2024-07-10,50000,14.85,36,B,education,Telangana,50000
L04936,2024-11-27,500000,14.48,12,B,vehicle,West Bengal,35000
L04937,2024-03-28,750000,13.59,24,B,business,Gujarat,50000
L04938,2024-09-24,100000,16.97,24,C,vehicle,Gujarat,25000
L04939,2024-11-06,300000,17.74,36,C,business,Kerala,150000
L04940,2024-04-22,750000,20.8,12,D,personal,Maharashtra,50000
L04941,2024-12-18,50000,13.55,48,B,consumer_durable,Tamil Nadu,50000
L04942,2024-07-04,50000,11.37,48,A,personal,Kerala,100000
L04943,2024-08-27,1000000,13.42,12,B,education,Rajasthan,25000
L04944,2024-09-04,750000,21.92,24,D,personal,Telangana,150000
L04945,2024-11-06,750000,14.21,12,B,business,Maharashtra,25000
L04946,2024-07-13,500000,13.52,24,B,business,Andhra Pradesh,35000
L04947,2024-02-05,500000,10.44,48,A,consumer_durable,Kerala,100000
L04948,2024-03-26,150000,14.54,36,B,consumer_durable,Kerala,50000
L04949,2024-01-21,500000,13.07,48,B,personal,Andhra Pradesh,35000
L04950,2024-08-04,100000,17.52,48,C,personal,Delhi,35000
L04951,2024-05-15,100000,13.53,12,B,consumer_durable,Gujarat,25000
L04952,2024-06-06,300000,21.53,48,D,business,Delhi,50000
L04953,2024-07-24,150000,17.2,36,C,business,Delhi,25000
L04954,2024-12-27,100000,17.67,48,C,education,Maharashtra,50000
L04955,2024-03-01,1000000,17.66,24,C,education,Telangana,75000
L04956,2024-12-06,750000,11.86,36,A,vehicle,Andhra Pradesh,150000
L04957,2024-11-04,1000000,13.56,36,B,consumer_durable,Delhi,50000
L04958,2024-02-07,150000,10.87,36,A,vehicle,Delhi,35000
L04959,2024-09-07,500000,13.77,24,B,consumer_durable,Tamil Nadu,25000
L04960,2024-12-12,300000,11.88,36,A,personal,Maharashtra,100000
L04961,2024-11-12,300000,17.86,24,C,consumer_durable,Gujarat,25000
L04962,2024-05-21,50000,14.02,24,B,personal,Andhra Pradesh,35000
L04963,2024-04-10,150000,13.78,12,B,vehicle,Kerala,35000
L04964,2024-04-05,100000,14.47,48,B,consumer_durable,Tamil Nadu,75000
L04965,2024-03-15,150000,11.76,48,A,consumer_durable,Andhra Pradesh,50000
L04966,2024-09-28,500000,14.82,12,B,education,Delhi,75000
L04967,2024-08-25,1000000,14.28,36,B,education,Tamil Nadu,100000
L04968,2024-04-14,200000,11.57,48,A,business,Andhra Pradesh,35000
L04969,2024-05-23,750000,25.82,12,E,business,Telangana,75000
L04970,2024-04-25,1000000,17.29,24,C,personal,Telangana,25000
L04971,2024-08-15,200000,14.75,12,B,business,Telangana,50000
L04972,2024-09-08,200000,11.11,24,A,vehicle,Karnataka,150000
L04973,2024-02-13,100000,14.02,48,B,business,Rajasthan,25000
L04974,2024-01-28,750000,10.27,12,A,education,Telangana,100000
L04975,2024-02-04,500000,14.91,36,B,business,Telangana,100000
L04976,2024-04-09,100000,13.72,12,B,business,Kerala,25000
L04977,2024-01-17,750000,11.55,48,A,vehicle,Telangana,150000
L04978,2024-01-05,50000,13.58,48,B,vehicle,Tamil Nadu,50000
L04979,2024-10-05,1000000,21.1,24,D,business,Karnataka,150000
L04980,2024-07-21,150000,17.74,12,C,vehicle,Gujarat,25000
L04981,2024-09-10,150000,25.13,12,E,personal,Gujarat,75000
L04982,2024-01-13,1000000,21.85,24,D,education,Rajasthan,25000
L04983,2024-03-28,1000000,11.29,48,A,education,West Bengal,75000
L04984,2024-04-14,50000,26.96,12,E,consumer_durable,Rajasthan,150000
L04985,2024-08-08,100000,25.58,48,E,vehicle,Maharashtra,100000
L04986,2024-05-25,1000000,16.17,24,C,education,Maharashtra,35000
L04987,2024-01-11,150000,16.05,48,C,vehicle,West Bengal,25000
L04988,2024-05-16,150000,14.97,36,B,education,Gujarat,150000
L04989,2024-03-15,150000,13.13,24,B,education,Karnataka,50000
L04990,2024-04-06,150000,26.19,24,E,education,Andhra Pradesh,150000
L04991,2024-02-10,500000,16.51,24,C,education,Delhi,75000
L04992,2024-11-03,500000,16.58,48,C,business,Gujarat,100000
L04993,2024-11-27,50000,10.11,24,A,business,West Bengal,35000
L04994,2024-06-12,200000,13.96,36,B,personal,Delhi,50000
L04995,2024-01-28,1000000,13.72,48,B,consumer_durable,Maharashtra,100000
L04996,2024-03-04,200000,16.23,12,C,vehicle,Gujarat,100000
L04997,2024-04-08,50000,16.57,12,C,business,West Bengal,100000
L04998,2024-02-10,50000,13.23,48,B,personal,Karnataka,100000
L04999,2024-01-28,200000,16.65,48,C,vehicle,Tamil Nadu,75000
L05000,2024-07-24,200000,10.15,36,A,vehicle,West Bengal,75000
